"day","geoid","cases","cases_avg","cases_avg_per_100k","deaths","deaths_avg","deaths_avg_per_100k","total_vaccinations","people_vaccinated","people_fully_vaccinated"
"2020-12-13","USA","184219","210345.92","63.39","1357","2423.77","0.73","45620","36817","9669"
"2020-12-14","USA","200885","210850.49","63.55","1678","2434.24","0.73","50468","41465","9833"
"2020-12-15","USA","203153","210984.35","63.59","3025","2498.83","0.75","98353","87883","10161"
"2020-12-16","USA","244827","214771.21","64.73","3611","2574.44","0.78","258504","243398","10679"
"2020-12-17","USA","237709","216176.06","65.15","3298","2609.99","0.79","533742","511644","11505"
"2020-12-18","USA","251190","218502.08","65.85","2870","2615.96","0.79","954790","923222","12831"
"2020-12-19","USA","193905","216284.67","65.18","2561","2635.39","0.79","1139003","1103020","13990"
"2020-12-20","USA","179911","215935.81","65.08","1429","2641.96","0.8","1246202","1207930","14813"
"2020-12-21","USA","201518","216028.41","65.11","1963","2692.07","0.81","1633303","1587344","16487"
"2020-12-22","USA","201637","215815.39","65.04","3239","2714.25","0.82","2084575","2029284","19503"
"2020-12-23","USA","227763","213378.04","64.31","3412","2685.16","0.81","2662880","2595428","22769"
"2020-12-24","USA","193511","207256.64","62.46","2824","2624.08","0.79","2860781","2788297","24017"
"2020-12-25","USA","100931","194653.79","58.66","1129","2489.7","0.75","2873624","2800935","24155"
"2020-12-26","USA","216861","189991.3","57.26","1646","2279.58","0.69","3017158","2940849","25225"
"2020-12-27","USA","152089","185516.16","55.91","1230","2228.93","0.67","3114027","3034790","26034"
"2020-12-28","USA","189010","183117.59","55.19","1899","2192.03","0.66","3711556","3617005","30521"
"2020-12-29","USA","201030","183031.27","55.16","3628","2258.46","0.68","4440692","4326189","36033"
"2020-12-30","USA","228949","183194.51","55.21","3808","2316.95","0.7","5289609","5154420","43704"
"2020-12-31","USA","231024","188525.43","56.82","3462","2399.74","0.72","5716312","5570284","47241"
"2021-01-01","USA","147248","195604.95","58.95","1920","2507.43","0.76","5854174","5694637","56597"
"2021-01-02","USA","291610","205235.78","61.85","2373","2586.5","0.78","6123124","5954167","59709"
"2021-01-03","USA","201780","212412.1","64.02","1351","2606.68","0.79","6264523","6087979","62303"
"2021-01-04","USA","251830","215017.32","64.8","2049","2652.03","0.8","6930229","6693548","107970"
"2021-01-05","USA","235016","220002.89","66.3","3689","2660.86","0.8","7771008","7431907","196522"
"2021-01-06","USA","255966","224017.49","67.51","3964","2687.15","0.81","8801611","8268139","371487"
"2021-01-07","USA","280334","230964.37","69.61","4113","2764.7","0.83","9979326","9138645","655638"
"2021-01-08","USA","300777","244360.59","73.64","3895","2942.48","0.89","11224067","9989310","1023633"
"2021-01-09","USA","251919","246664","74.34","3259","3173.8","0.96","11736696","10361380","1153675"
"2021-01-10","USA","208295","247589.24","74.62","1777","3217.65","0.97","11989784","10538948","1223570"
"2021-01-11","USA","226316","251239.55","75.72","2048","3245.72","0.98","13068929","11265251","1550632"
"2021-01-12","USA","229977","250506.18","75.5","4406","3316.26","1","14334853","12187080","1868119"
"2021-01-13","USA","229325","246700.61","74.35","3930","3326.34","1","15669707","13222990","2141448"
"2021-01-14","USA","239522","240968.47","72.62","3980","3322.86","1","16995452","14385052","2279153"
"2021-01-15","USA","239853","232195.04","69.98","3749","3309.36","1","18264041","15508950","2401789"
"2021-01-16","USA","202193","225074.75","67.83","3341","3323.02","1","18915824","16076975","2474991"
"2021-01-17","USA","170094","219080.89","66.03","1730","3287.25","0.99","19218336","16333247","2517266"
"2021-01-18","USA","141133","209251.74","63.06","1441","3221.1","0.97","20110141","16978110","2746764"
"2021-01-19","USA","186944","201953.14","60.86","2771","3064.11","0.92","21463944","17946827","3107581"
"2021-01-20","USA","185488","195751.66","58.99","4380","3096.8","0.93","23079181","19108490","3532501"
"2021-01-21","USA","190482","189320.66","57.06","4135","3124.67","0.94","24726816","20447780","3811415"
"2021-01-22","USA","191565","182429.64","54.98","3731","3124.48","0.94","26373687","21853861","4024485"
"2021-01-23","USA","167917","177388.07","53.46","3322","3113.41","0.94","27287063","22598456","4177806"
"2021-01-24","USA","129676","171497.77","51.69","1815","3111.63","0.94","27690932","22905931","4267342"
"2021-01-25","USA","156576","172349.06","51.94","1907","3141.56","0.95","29075771","23771374","4761605"
"2021-01-26","USA","150638","167477.43","50.47","4098","3342.21","1.01","30746637","24826877","5347952"
"2021-01-27","USA","155770","163234.2","49.19","4102","3309.57","1","32684763","26077399","6000698"
"2021-01-28","USA","166175","159758.16","48.15","3868","3279.71","0.99","34655252","27448006","6563770"
"2021-01-29","USA","164615","155909.57","46.99","3600","3248.38","0.98","36580372","28824725","7063931"
"2021-01-30","USA","133800","151497.14","45.66","2641","3180","0.96","37602504","29581867","7309441"
"2021-01-31","USA","114040","148606.38","44.79","1864","3112.16","0.94","38066296","29904700","7439022"
"2021-02-01","USA","141609","143981.14","43.39","1950","3119.95","0.94","39485009","30689278","8025696"
"2021-02-02","USA","115256","138952.71","41.88","3611","3058.99","0.92","41197818","31658111","8731841"
"2021-02-03","USA","120183","132918.84","40.06","3843","3022.14","0.91","43351693","32922119","9573333"
"2021-02-04","USA","125636","127359.29","38.38","5117","2984.93","0.9","45708674","34310101","10493690"
"2021-02-05","USA","129501","122268.57","36.85","3570","2978.27","0.9","48076553","35667252","11461790"
"2021-02-06","USA","104947","116265.84","35.04","2662","2960.52","0.89","49383802","36521023","11886941"
"2021-02-07","USA","87281","113827.54","34.3","1301","2923.43","0.88","49827294","36796219","12045089"
"2021-02-08","USA","92982","110042.98","33.16","1583","2857.29","0.86","51414409","37635054","12755772"
"2021-02-09","USA","96390","107052.71","32.26","3170","2814.21","0.85","53396358","38671322","13659168"
"2021-02-10","USA","94975","104551.57","31.51","3254","2733.59","0.82","55714633","39902399","14704438"
"2021-02-11","USA","105640","101688.71","30.65","3878","2678.15","0.81","58136047","41179619","15805159"
"2021-02-12","USA","99627","97415.39","29.36","5463","2595.4","0.78","60741211","42566921","16971653"
"2021-02-13","USA","84652","94514.96","28.48","3372","2537.83","0.76","62219717","43439991","17545883"
"2021-02-14","USA","63780","91159.53","27.47","1081","2485.08","0.75","62811106","43783854","17777513"
"2021-02-15","USA","55272","85939.89","25.9","994","2413.97","0.73","64010045","44401512","18323001"
"2021-02-16","USA","64540","81408.6","24.53","1707","2205.43","0.66","65636435","45198913","19115477"
"2021-02-17","USA","70161","77606.06","23.39","2471","2100.03","0.63","67610948","46135232","20111570"
"2021-02-18","USA","71791","72776.7","21.93","2625","2011.89","0.61","69474219","46968799","21092098"
"2021-02-19","USA","78012","69702.56","21.01","2621","1969.07","0.59","71445759","47788087","22195115"
"2021-02-20","USA","69720","67479.85","20.34","1831","1906.7","0.57","72757200","48384342","22880324"
"2021-02-21","USA","55180","66231.29","19.96","1247","1924.65","0.58","73358924","48639402","23207465"
"2021-02-22","USA","59466","66768.97","20.12","1454","1972.41","0.59","74828958","49254909","24016800"
"2021-02-23","USA","71913","67854.05","20.45","2328","2056.64","0.62","76775442","50119355","25051385"
"2021-02-24","USA","74194","68610.71","20.68","3210","2102.31","0.63","79311352","51363520","26294065"
"2021-02-25","USA","77882","69480.86","20.94","2465","2095.09","0.63","82257772","52899249","27645539"
"2021-02-26","USA","78317","69526.86","20.95","2176","2022.1","0.61","85379828","54568528","29040426"
"2021-02-27","USA","62674","68536.73","20.66","1567","1963.91","0.59","87376038","55705443","29864103"
"2021-02-28","USA","50905","67804.87","20.43","1129","1940.68","0.58","88232689","56236747","30163870"
"2021-03-01","USA","56696","67040.16","20.2","1425","1928.49","0.58","90330534","57457783","30976924"
"2021-03-02","USA","57644","65111.18","19.62","1306","1948.7","0.59","92805077","58922002","31947383"
"2021-03-03","USA","66612","63819.53","19.23","2369","1898.67","0.57","95721666","60664565","33083812"
"2021-03-04","USA","67282","62256.39","18.76","1949","1860.24","0.56","98931744","62620210","34337816"
"2021-03-05","USA","65695","60366.28","18.19","2483","1803.18","0.54","102173757","64626215","35659038"
"2021-03-06","USA","56585","59576.03","17.95","1459","1799.7","0.54","104242436","65977094","36532157"
"2021-03-07","USA","40064","58260.17","17.56","676","1706.02","0.51","105176040","66654619","36884011"
"2021-03-08","USA","94513","57214.09","17.24","820","1636.54","0.49","107350219","68136544","37748021"
"2021-03-09","USA","55899","56791.52","17.12","1885","1558.79","0.47","110074225","69949085","38844767"
"2021-03-10","USA","58195","55954.34","16.86","1474","1462.06","0.44","113219962","72021699","40128395"
"2021-03-11","USA","62387","55204.77","16.64","1524","1413.45","0.43","116688784","74317090","41541840"
"2021-03-12","USA","64166","54963.7","16.56","1705","1358.23","0.41","120141884","76452204","43084511"
"2021-03-13","USA","49557","53964.87","16.26","1874","1313.35","0.4","122343966","77839621","44116183"
"2021-03-14","USA","37989","53628.77","16.16","569","1269.01","0.38","123329855","78486481","44548562"
"2021-03-15","USA","57164","54195.62","16.33","753","1244.82","0.38","125612278","79982982","45428572"
"2021-03-16","USA","54531","54147.91","16.32","1244","1178.68","0.36","128506033","81916720","46492000"
"2021-03-17","USA","58931","54282.28","16.36","1177","1155.42","0.35","131682691","84047509","47637696"
"2021-03-18","USA","60470","54133.51","16.31","1558","1114.15","0.34","135084905","86339652","48855798"
"2021-03-19","USA","60623","53560.65","16.14","1514","1087.44","0.33","138405274","88544162","50088903"
"2021-03-20","USA","54425","54366.51","16.38","772","1041.72","0.31","140570830","89962203","50955635"
"2021-03-21","USA","34193","53981.37","16.27","448","1019.13","0.31","141598741","90645717","51336336"
"2021-03-22","USA","54716","53964.79","16.26","648","998.01","0.3","143955592","92245549","52151397"
"2021-03-23","USA","56746","54307.78","16.37","893","980.76","0.3","147015330","94223506","53312733"
"2021-03-24","USA","79903","57290.38","17.27","1590","1008.95","0.3","150569265","96427827","54747062"
"2021-03-25","USA","69116","58244.14","17.55","1270","1008.3","0.3","154393853","98683388","56407425"
"2021-03-26","USA","74499","60295.75","18.17","1260","980.6","0.3","158206894","100771604","58221293"
"2021-03-27","USA","60700","61243.07","18.46","780","979.26","0.3","160682919","102142533","59391813"
"2021-03-28","USA","44515","62695.43","18.89","490","979.86","0.3","161894806","102813395","59944968"
"2021-03-29","USA","70739","64983.71","19.58","685","985.91","0.3","164728895","104418326","61229018"
"2021-03-30","USA","62234","65844.86","19.84","947","1005.21","0.3","168321927","106428542","62900117"
"2021-03-31","USA","67936","64064","19.31","1135","954.53","0.29","172494725","108836606","64852669"
"2021-04-01","USA","77193","65452.43","19.73","957","911.14","0.27","177076502","111366707","67123179"
"2021-04-02","USA","68589","64970.43","19.58","956","870.61","0.26","180723033","113410787","68954015"
"2021-04-03","USA","64136","65518.86","19.75","753","864.3","0.26","183030847","114735732","70118739"
"2021-04-04","USA","36823","64534.16","19.45","272","839.14","0.25","183796134","115173732","70491683"
"2021-04-05","USA","76594","64711.34","19.5","530","795.26","0.24","186899414","116907607","72099738"
"2021-04-06","USA","61972","64748.57","19.51","909","791.37","0.24","190874444","119190986","74190247"
"2021-04-07","USA","73090","65484.54","19.74","2571","773.17","0.23","195235067","121749584","76507143"
"2021-04-08","USA","80458","65948.32","19.88","1002","774.86","0.23","199738657","124309301","79041912"
"2021-04-09","USA","81582","67461.43","20.33","946","772.82","0.23","204055134","126741072","81496071"
"2021-04-10","USA","64758","67475.43","20.34","704","763.3","0.23","206950142","128465664","83163225"
"2021-04-11","USA","47977","68254.65","20.57","301","756.42","0.23","208353016","129298792","83968805"
"2021-04-12","USA","71932","68775.79","20.73","465","754.19","0.23","211379731","130941481","85698935"
"2021-04-13","USA","77321","70671.72","21.3","983","759.96","0.23","214865134","132687710","87421998"
"2021-04-14","USA","75750","71093.15","21.43","935","755.74","0.23","218574244","134425980","89353466"
"2021-04-15","USA","73694","70150.84","21.14","917","744.37","0.22","222334927","136188957","91307354"
"2021-04-16","USA","78354","69792.78","21.03","935","735.58","0.22","225950584","137840787","93232139"
"2021-04-17","USA","53874","69195.06","20.85","677","737.81","0.22","228320920","139003409","94417981"
"2021-04-18","USA","41399","68260.92","20.57","358","731.76","0.22","229457616","139542431","95002531"
"2021-04-19","USA","70260","67285.76","20.28","485","734.5","0.22","232049874","140634414","96470704"
"2021-04-20","USA","61024","65017.57","19.59","832","727.86","0.22","235289528","142000331","98309408"
"2021-04-21","USA","62495","63233.08","19.06","840","715.9","0.22","238781654","143392407","100367926"
"2021-04-22","USA","66241","62227.62","18.75","911","720.22","0.22","242291910","144807065","102425820"
"2021-04-23","USA","63784","60124.79","18.12","873","713.24","0.21","245604243","146175661","104335708"
"2021-04-24","USA","50468","58656.45","17.68","725","716.23","0.22","247820516","147178664","105531936"
"2021-04-25","USA","33591","57439.02","17.31","282","710.65","0.21","248816796","147668988","106030337"
"2021-04-26","USA","47335","56737.61","17.1","479","702.25","0.21","251217978","148611252","107469048"
"2021-04-27","USA","51877","55667.63","16.78","713","712.18","0.21","254122446","149725077","109263630"
"2021-04-28","USA","54818","54594.03","16.45","934","726.8","0.22","257220868","150875472","111234752"
"2021-04-29","USA","57582","53412.46","16.1","874","721.61","0.22","260284037","151999126","113220949"
"2021-04-30","USA","58517","52558.52","15.84","860","720.49","0.22","263209607","153123692","115074274"
"2021-05-01","USA","44759","51483.98","15.52","715","720.93","0.22","265082725","153838605","116251632"
"2021-05-02","USA","29632","50708.29","15.28","312","724.51","0.22","265965311","154165237","116839223"
"2021-05-03","USA","49944","49590","14.95","459","719.36","0.22","267938366","154809400","118243372"
"2021-05-04","USA","40955","48079.75","14.49","904","725.27","0.22","270449723","155630438","120005585"
"2021-05-05","USA","44719","46526.46","14.02","776","707.08","0.21","273013863","156451090","121821713"
"2021-05-06","USA","47694","45132.89","13.6","832","695.15","0.21","275549433","157234158","123648270"
"2021-05-07","USA","47493","43506.99","13.11","812","688.88","0.21","278072481","158034336","125444391"
"2021-05-08","USA","33666","41879.44","12.62","604","674.77","0.2","279615963","158540883","126539674"
"2021-05-09","USA","22328","40781.63","12.29","246","666.11","0.2","280233338","158745361","126979633"
"2021-05-10","USA","36557","38836.24","11.7","370","657.69","0.2","281845756","159229735","128159666"
"2021-05-11","USA","34041","37806.74","11.39","693","621.87","0.19","283903317","159888862","129618664"
"2021-05-12","USA","35483","36749.79","11.08","848","637.67","0.19","285930430","160535042","131065693"
"2021-05-13","USA","38439","35373.05","10.66","780","630.63","0.19","288220296","161465741","132482306"
"2021-05-14","USA","40981","33784.58","10.18","732","629.5","0.19","290685802","162562974","133928070"
"2021-05-15","USA","29050","32919.3","9.92","559","621.84","0.19","292543580","163474883","134926393"
"2021-05-16","USA","16710","32111.16","9.68","292","625.77","0.19","293481568","163954568","135415319"
"2021-05-17","USA","29207","30892.21","9.31","384","618.21","0.19","295313838","164844565","136432625"
"2021-05-18","USA","27863","29951.09","9.03","867","629.7","0.19","297397450","165840096","137604156"
"2021-05-19","USA","28794","28960.95","8.73","675","611.43","0.18","299495675","166830923","138790490"
"2021-05-20","USA","29618","27829.89","8.39","654","589.66","0.18","301525193","167754807","139975587"
"2021-05-21","USA","36800","27872.31","8.4","696","579.86","0.17","303597826","168690189","141191057"
"2021-05-22","USA","10527","27012.75","8.14","479","566.09","0.17","305053382","169421660","141967984"
"2021-05-23","USA","14150","26237.96","7.91","189","548.91","0.17","305713996","169761157","142316361"
"2021-05-24","USA","25628","25695.58","7.74","417","538.91","0.16","307042685","170398835","143073807"
"2021-05-25","USA","22838","25086.17","7.56","700","532.85","0.16","308489320","171069780","143919341"
"2021-05-26","USA","23386","24395.68","7.35","966","527.18","0.16","309934797","171734539","144764763"
"2021-05-27","USA","27747","23635.59","7.12","1341","534.26","0.16","311292638","172352403","145570383"
"2021-05-28","USA","22024","22569.2","6.8","759","528.83","0.16","312634870","172962731","146363892"
"2021-05-29","USA","11560","20602.34","6.21","339","517.73","0.16","313406009","173347140","146787772"
"2021-05-30","USA","7442","19972.21","6.02","131","506.93","0.15","313793224","173548922","146993999"
"2021-05-31","USA","5503","18704.89","5.64","150","503","0.15","313997712","173638666","147117126"
"2021-06-01","USA","22570","16590.64","5","520","447.23","0.13","315286109","174171253","147911971"
"2021-06-02","USA","16858","15637.3","4.71","594","413.39","0.12","316412601","174667929","148600173"
"2021-06-03","USA","19471","14951.59","4.51","616","398.75","0.12","317669791","175132902","149447706"
"2021-06-04","USA","-23999","14562.02","4.39","139","391.96","0.12","319086318","175635124","150419130"
"2021-06-05","USA","10448","14409.87","4.34","375","393.86","0.12","320166407","175990760","151178104"
"2021-06-06","USA","6153","14196.55","4.28","252","396.84","0.12","320687243","176162803","151544876"
"2021-06-07","USA","19452","14473.22","4.36","336","373.45","0.11","321768537","176537052","152293833"
"2021-06-08","USA","14185","14807.22","4.46","375","414.61","0.12","322951685","176941527","153119134"
"2021-06-09","USA","20664","14764.59","4.45","572","430.88","0.13","324126137","177334244","153947620"
"2021-06-10","USA","15799","14515.73","4.37","460","423.21","0.13","325303229","177739683","154769267"
"2021-06-11","USA","16827","13834.35","4.17","517","420.8","0.13","326544221","178168641","155631661"
"2021-06-12","USA","8279","13409.78","4.04","170","413.3","0.12","327443326","178450294","156279042"
"2021-06-13","USA","6787","12891.44","3.89","95","391.98","0.12","327839088","178563805","156577925"
"2021-06-14","USA","15119","12836.89","3.87","210","381.15","0.11","328759101","178896548","157203653"
"2021-06-15","USA","11872","12620.2","3.8","452","371.56","0.11","329744485","179257897","157870547"
"2021-06-16","USA","14411","12459.14","3.75","424","360.98","0.11","330695630","179616231","158507464"
"2021-06-17","USA","12187","11983.3","3.61","288","350.64","0.11","331595411","179967748","159103536"
"2021-06-18","USA","12700","11626.29","3.5","469","336.92","0.1","332523845","180336534","159706319"
"2021-06-19","USA","7580","11575.02","3.49","169","324.25","0.1","333101435","180567840","160077969"
"2021-06-20","USA","4063","11517.3","3.47","90","321.15","0.1","333379912","180680215","160255045"
"2021-06-21","USA","15844","11178.55","3.37","288","313.07","0.09","333945577","180982647","160551577"
"2021-06-22","USA","12761","11377.71","3.43","432","311.38","0.09","334705734","181306712","161024262"
"2021-06-23","USA","14031","11283.86","3.4","398","305.97","0.09","335446508","181637579","161470302"
"2021-06-24","USA","14695","11637.29","3.51","355","312.75","0.09","336150148","181956089","161891776"
"2021-06-25","USA","14963","11943.62","3.6","458","314.57","0.09","336921541","182306817","162348742"
"2021-06-26","USA","6791","11933.3","3.6","126","313.03","0.09","337423329","182532541","162645955"
"2021-06-27","USA","4087","11909.39","3.59","96","315.03","0.09","337692191","182659719","162797623"
"2021-06-28","USA","15548","12340.32","3.72","161","297.19","0.09","338249878","182935697","163105683"
"2021-06-29","USA","15729","12322.14","3.71","379","290.51","0.09","338880595","183233290","163466073"
"2021-06-30","USA","15977","12899.71","3.89","323","283.03","0.09","339517243","183541437","163820348"
"2021-07-01","USA","64959","13093.02","3.95","247","269.87","0.08","340134935","183837138","164159915"
"2021-07-02","USA","20436","13957.16","4.21","266","265.51","0.08","340758805","184143764","164504455"
"2021-07-03","USA","3993","13861.73","4.18","86","264.94","0.08","341117662","184325874","164694291"
"2021-07-04","USA","2922","13951.09","4.2","37","260.32","0.08","341168658","184353899","164721942"
"2021-07-05","USA","4591","13813.04","4.16","41","258.03","0.08","341567690","184555831","164931970"
"2021-07-06","USA","27077","14211.05","4.28","317","230.35","0.07","342154834","184829857","165272246"
"2021-07-07","USA","30219","14999.74","4.52","322","237.59","0.07","342728862","185112829","165594179"
"2021-07-08","USA","49233","15890.74","4.79","366","236.99","0.07","343296740","185401571","165907061"
"2021-07-09","USA","35335","18198.92","5.48","407","236.72","0.07","343931531","185723939","166253794"
"2021-07-10","USA","7758","18370.97","5.54","88","228.14","0.07","344333935","185935691","166461897"
"2021-07-11","USA","5543","18512.78","5.58","30","222.48","0.07","344551459","186052633","166570606"
"2021-07-12","USA","35383","19966.42","6.02","273","218.39","0.07","345074839","186328150","166846254"
"2021-07-13","USA","42982","23127.44","6.97","432","258.47","0.08","345604611","186609815","167119174"
"2021-07-14","USA","38055","26796.77","8.08","393","266.32","0.08","346139725","186894730","167393631"
"2021-07-15","USA","36018","28626.3","8.63","338","278.77","0.08","346684121","187193532","167664223"
"2021-07-16","USA","52224","31123.21","9.38","357","275.04","0.08","347309592","187540278","167969133"
"2021-07-17","USA","12445","31864.71","9.6","83","270.97","0.08","347710722","187764228","168159247"
"2021-07-18","USA","9027","32211.62","9.71","37","270.26","0.08","347945224","187899544","168265353"
"2021-07-19","USA","59182","35704.6","10.76","231","263.95","0.08","348514545","188238908","168518995"
"2021-07-20","USA","62111","38381.54","11.57","300","257","0.08","349119207","188609484","168777989"
"2021-07-21","USA","60053","41683.82","12.56","397","252.83","0.08","349752329","188996202","169047980"
"2021-07-22","USA","65519","45891.25","13.83","362","257.34","0.08","350406377","189414334","169309341"
"2021-07-23","USA","82781","50351.96","15.17","443","270.4","0.08","351154305","189900995","169598439"
"2021-07-24","USA","21590","51323.04","15.47","101","272.69","0.08","351617554","190202135","169773393"
"2021-07-25","USA","13833","51833.07","15.62","49","273.67","0.08","351877915","190404278","169837362"
"2021-07-26","USA","93086","56996.11","17.18","259","282.28","0.09","352524039","190851832","170060267"
"2021-07-27","USA","106818","63391.82","19.1","484","301.62","0.09","353228600","191333172","170313715"
"2021-07-28","USA","84961","66965.75","20.18","505","320.26","0.1","353952553","191825383","170574770"
"2021-07-29","USA","98294","71623.25","21.59","393","323.13","0.1","354676925","192324298","170829845"
"2021-07-30","USA","122674","77457.98","23.34","671","337.49","0.1","355518404","192902517","171125189"
"2021-07-31","USA","29698","78005.79","23.51","144","341.33","0.1","356038132","193250303","171307489"
"2021-08-01","USA","22894","78844.36","23.76","63","343.04","0.1","356377861","193481569","171409424"
"2021-08-02","USA","136170","85850.4","25.87","458","361.58","0.11","357103617","193990270","171649401"
"2021-08-03","USA","150311","92234.45","27.8","669","400.08","0.12","357871567","194530994","171905088"
"2021-08-04","USA","112344","96137.65","28.97","725","432.71","0.13","358655216","195086109","172162718"
"2021-08-05","USA","126972","100265.21","30.22","574","461.26","0.14","359454531","195649555","172429431"
"2021-08-06","USA","168351","104947.39","31.63","849","506.67","0.15","360370503","196279987","172743457"
"2021-08-07","USA","42115","105404.3","31.77","206","510.51","0.15","360934260","196665066","172934988"
"2021-08-08","USA","36068","107250.08","32.32","131","519.08","0.16","361288186","196904648","173053736"
"2021-08-09","USA","178691","114141.43","34.4","720","526.87","0.16","362077715","197428551","173342789"
"2021-08-10","USA","162091","117456.63","35.4","1049","609.49","0.18","362884577","197962296","173640502"
"2021-08-11","USA","155577","122443.87","36.9","338","617.46","0.19","363660453","198464661","173938567"
"2021-08-12","USA","138709","124942.89","37.65","1022","676.06","0.2","364471389","198982786","174255060"
"2021-08-13","USA","187392","128647.51","38.77","1086","706.21","0.21","365426585","199567586","174646680"
"2021-08-14","USA","49817","127758.95","38.5","242","711.48","0.21","366056949","199932043","174891128"
"2021-08-15","USA","43818","127419.2","38.4","177","714.91","0.22","366460189","200144925","175053978"
"2021-08-16","USA","259493","133399.61","40.2","1016","755.04","0.23","367337157","200611812","175410225"
"2021-08-17","USA","144297","139864.03","42.15","993","755.05","0.23","368268534","201104856","175776168"
"2021-08-18","USA","164869","141371.05","42.61","1128","813.22","0.25","369229359","201594173","176157585"
"2021-08-19","USA","159806","144391.05","43.52","1734","911.9","0.27","370182079","202076701","176541112"
"2021-08-20","USA","199294","144471.63","43.54","1532","974.88","0.29","371298518","202617121","177022713"
"2021-08-21","USA","79391","145884.39","43.97","469","1001.99","0.3","371971796","202940961","177323091"
"2021-08-22","USA","40573","145223.72","43.77","185","1006.54","0.3","372365945","203127143","177504482"
"2021-08-23","USA","266147","148741.49","44.83","1359","1055.23","0.32","373291909","203569005","177912804"
"2021-08-24","USA","150197","149866.48","45.17","1413","1120.73","0.34","374248369","204031035","178330749"
"2021-08-25","USA","170936","152393.57","45.93","1465","1183.41","0.36","375221664","204500481","178756610"
"2021-08-26","USA","187761","155195.91","46.77","2213","1241.64","0.37","376218132","204976451","179192600"
"2021-08-27","USA","195911","155839.11","46.97","1774","1271.23","0.38","377396086","205509915","179736592"
"2021-08-28","USA","85259","156698.52","47.23","567","1284.18","0.39","378113144","205829068","180081187"
"2021-08-29","USA","42158","156787.52","47.25","280","1291.01","0.39","378546537","206022846","180288967"
"2021-08-30","USA","280403","160520.86","48.38","1725","1353.41","0.41","379485003","206442182","180727413"
"2021-08-31","USA","160250","161874.5","48.79","1438","1377.03","0.42","380429513","206865219","181157998"
"2021-09-01","USA","210995","164417.94","49.55","1935","1405.79","0.42","381382994","207292449","181571499"
"2021-09-02","USA","175696","164373.78","49.54","2937","1520.66","0.46","382283529","207694911","181975901"
"2021-09-03","USA","191475","163750.06","49.35","1979","1563.72","0.47","383328951","208148594","182468338"
"2021-09-04","USA","66054","163076.78","49.15","526","1555.65","0.47","383891281","208394348","182747117"
"2021-09-05","USA","44417","162631.46","49.01","377","1558.75","0.47","384258974","208562153","182921411"
"2021-09-06","USA","76976","156843.78","47.27","515","1550.42","0.47","384437087","208643647","183008689"
"2021-09-07","USA","301138","151538.35","45.67","2226","1471.04","0.44","385353978","208998698","183493518"
"2021-09-08","USA","184189","148793.32","44.84","2202","1532.1","0.46","386206174","209365235","183900013"
"2021-09-09","USA","170571","148270.46","44.69","3232","1579.39","0.48","387061507","209738332","184302325"
"2021-09-10","USA","176316","145965.34","43.99","2417","1638.41","0.49","388104721","210189605","184807143"
"2021-09-11","USA","73926","145217.13","43.76","691","1662.59","0.5","388709179","210449808","185111791"
"2021-09-12","USA","39558","143968.07","43.39","298","1643.99","0.5","389063721","210607970","185287936"
"2021-09-13","USA","285058","151645.32","45.7","1725","1643.75","0.5","389850754","210946424","185674894"
"2021-09-14","USA","152696","154517.54","46.57","2656","1872.65","0.56","390607594","211264249","186056489"
"2021-09-15","USA","170195","152668","46.01","2581","1936.62","0.58","391378996","211579753","186449543"
"2021-09-16","USA","154883","150417.57","45.33","3418","1965.93","0.59","392146951","211893181","186845153"
"2021-09-17","USA","166938","149036.43","44.92","2579","1989.25","0.6","393055398","212246231","187329087"
"2021-09-18","USA","68180","148047.79","44.62","824","2004.81","0.6","393580013","212451983","187606732"
"2021-09-19","USA","39956","147039.71","44.31","302","2003.97","0.6","393890824","212572910","187775224"
"2021-09-20","USA","208166","137227","41.36","2252","1951.42","0.59","394595089","212843199","188135176"
"2021-09-21","USA","129975","134767.14","40.62","2365","2061.76","0.62","395278874","213104749","188483482"
"2021-09-22","USA","147493","130794.38","39.42","2787","2109.05","0.64","395949782","213360473","188822202"
"2021-09-23","USA","127864","126903.28","38.25","3155","2067.52","0.62","396631061","213618091","189153317"
"2021-09-24","USA","140011","123107.95","37.1","2749","2098.87","0.63","397621884","213939876","189568675"
"2021-09-25","USA","51592","120376.2","36.28","629","2074.34","0.63","398297437","214140285","189799222"
"2021-09-26","USA","34235","119151.99","35.91","302","2068.59","0.62","398708697","214259208","189946325"
"2021-09-27","USA","194789","117994.29","35.56","2381","2056.03","0.62","399742996","214554243","190170548"
"2021-09-28","USA","113340","115124.39","34.7","2319","2030.35","0.61","400882294","214841139","190476943"
"2021-09-29","USA","128512","112934.71","34.04","2515","1975.09","0.6","402030070","215127006","190790886"
"2021-09-30","USA","116209","111241.16","33.53","2743","1915.65","0.58","403204153","215414801","191115499"
"2021-10-01","USA","125776","109200.23","32.91","2447","1873.22","0.56","404555441","215730864","191501793"
"2021-10-02","USA","44222","107594.19","32.43","648","1870.37","0.56","405189746","215903172","191711388"
"2021-10-03","USA","25839","106423.48","32.07","249","1801.88","0.54","405558325","216007702","191843635"
"2021-10-04","USA","172699","103799.45","31.28","2035","1828.42","0.55","406550550","216252645","192103509"
"2021-10-05","USA","98602","101694.17","30.65","2028","1817.22","0.55","407575421","216494851","192363395"
"2021-10-06","USA","125955","100030.16","30.15","2530","1813.86","0.55","408616886","216741507","192625763"
"2021-10-07","USA","105402","98617.45","29.72","2449","1774.59","0.53","409659044","216993505","192888722"
"2021-10-08","USA","112926","96720.65","29.15","2445","1775.31","0.54","410828133","217277508","193206448"
"2021-10-09","USA","37334","95855.65","28.89","513","1768.19","0.53","411367007","217423216","193376260"
"2021-10-10","USA","23039","95442.65","28.76","481","1766.62","0.53","411684148","217514823","193482792"
"2021-10-11","USA","123680","92053.98","27.74","1162","1735.9","0.52","412543407","217736878","193706298"
"2021-10-12","USA","111576","90314.08","27.22","2525","1702.59","0.51","413480122","217963799","193943803"
"2021-10-13","USA","106557","88764.6","26.75","2239","1655.19","0.5","414397568","218189574","194176434"
"2021-10-14","USA","88969","86400.88","26.04","2042","1596.98","0.48","415317935","218413844","194408838"
"2021-10-15","USA","98560","84816.74","25.56","2175","1558.09","0.47","416383197","218673702","194691043"
"2021-10-16","USA","33541","83642.08","25.21","387","1534.14","0.46","416878985","218813029","194838483"
"2021-10-17","USA","22152","83025.04","25.02","182","1529.82","0.46","417150471","218895529","194924200"
"2021-10-18","USA","122033","80770.8","24.34","1872","1482.21","0.45","417989866","219116136","195138416"
"2021-10-19","USA","83683","79289.23","23.9","2137","1561.22","0.47","418821317","219316438","195333893"
"2021-10-20","USA","86622","76519.1","23.06","3006","1553.57","0.47","419668070","219517546","195531314"
"2021-10-21","USA","81946","75620.29","22.79","1876","1527.85","0.46","420538139","219722408","195731577"
"2021-10-22","USA","87297","73656.67","22.2","2135","1520.08","0.46","421928294","220009783","195979799"
"2021-10-23","USA","29824","73184.73","22.06","449","1518.6","0.46","422761685","220181535","196113930"
"2021-10-24","USA","17102","72845.01","21.95","148","1498.47","0.45","423237304","220286860","196194757"
"2021-10-25","USA","105561","69935.98","21.08","1413","1452.63","0.44","424775476","220582456","196399797"
"2021-10-26","USA","87423","70879.71","21.36","1736","1425.38","0.43","426352164","220873196","196602665"
"2021-10-27","USA","94544","70988.32","21.39","2015","1402.62","0.42","427987962","221172665","196811325"
"2021-10-28","USA","86185","71752.41","21.62","1782","1400.01","0.42","429611718","221461690","197022592"
"2021-10-29","USA","88723","71931.14","21.68","2020","1386.96","0.42","431416044","221780428","197263230"
"2021-10-30","USA","29411","71623.84","21.59","324","1367.37","0.41","432241418","221942926","197382909"
"2021-10-31","USA","18883","71686.49","21.6","157","1357.99","0.41","432682634","222040977","197453679"
"2021-11-01","USA","124570","73390.16","22.12","1151","1347.29","0.41","434188925","222321422","197651775"
"2021-11-02","USA","76943","71604.59","21.58","1516","1337.15","0.4","435706739","222598916","197841159"
"2021-11-03","USA","84844","71166.65","21.45","1880","1328.74","0.4","437292792","222905601","198035339"
"2021-11-04","USA","83087","70636.02","21.29","1123","1295.66","0.39","438952515","223251430","198232223"
"2021-11-05","USA","91768","71224.85","21.47","2321","1238.27","0.37","440891789","223701896","198464240"
"2021-11-06","USA","31939","71185.91","21.45","402","1228.55","0.37","441943005","224094052","198585019"
"2021-11-07","USA","22085","71786.05","21.63","132","1221.68","0.37","442506916","224322708","198657527"
"2021-11-08","USA","126461","74097.05","22.33","1221","1208.3","0.36","443990754","224791913","198832488"
"2021-11-09","USA","83651","75324.41","22.7","1716","1224.58","0.37","445649609","225311351","198999515"
"2021-11-10","USA","98390","76860.16","23.16","1636","1213.69","0.37","447446421","225884692","199171275"
"2021-11-11","USA","64601","76891.73","23.17","722","1218.84","0.37","449064472","226431418","199324778"
"2021-11-12","USA","129351","79360.28","23.92","2061","1144.96","0.35","451077281","227068199","199524689"
"2021-11-13","USA","61397","80662.01","24.31","468","1129.02","0.34","452265771","227604657","199628320"
"2021-11-14","USA","23609","80708.07","24.32","142","1098.5","0.33","452850774","227844476","199689487"
"2021-11-15","USA","148624","83637.06","25.21","1191","1108.17","0.33","454422505","228300291","199858253"
"2021-11-16","USA","90486","85054.99","25.63","1446","1089.24","0.33","456125159","228784016","200026559"
"2021-11-17","USA","114357","87702.08","26.43","1618","1085.43","0.33","457907050","229286851","200200021"
"2021-11-18","USA","110273","90652.75","27.32","3331","1131.58","0.34","459716905","229789168","200372514"
"2021-11-19","USA","119648","92338.67","27.83","1991","1145.14","0.35","461818190","230368064","200569168"
"2021-11-20","USA","41064","91187.17","27.48","325","1131.78","0.34","463065911","230826014","200671170"
"2021-11-21","USA","31372","92328.32","27.83","123","1128.51","0.34","463719983","231031022","200732420"
"2021-11-22","USA","158898","93877.46","28.29","1143","1118.98","0.34","465557452","231514566","200905596"
"2021-11-23","USA","92771","94332.4","28.43","1478","1155.69","0.35","467367157","231999057","201071884"
"2021-11-24","USA","119892","95172.23","28.68","1636","1157.42","0.35","468770932","232396688","201228032"
"2021-11-25","USA","30853","92221.23","27.79","377","1106.23","0.33","468800525","232405512","201233640"
"2021-11-26","USA","51525","87445.66","26.35","544","1057.51","0.32","470022050","232712999","201413060"
"2021-11-27","USA","24679","85432.31","25.75","192","990.1","0.3","470925809","232927824","201616260"
"2021-11-28","USA","23950","83365.09","25.12","121","992.69","0.3","471524229","233066603","201767312"
"2021-11-29","USA","216312","80680.04","24.32","1874","919.61","0.28","473209140","233412474","202135185"
"2021-11-30","USA","109294","83217.05","25.08","1559","917.71","0.28","475161508","233810596","202533633"
"2021-12-01","USA","139320","86559.62","26.09","1966","965.98","0.29","477370837","234264679","202953700"
"2021-12-02","USA","138712","94924.02","28.61","1357","1042.37","0.31","479568318","234705085","203354229"
"2021-12-03","USA","153245","104792.98","31.58","2161","1123.14","0.34","482047790","235184112","203854914"
"2021-12-04","USA","58144","108648.91","32.74","490","1182.13","0.36","483549682","235479259","204317809"
"2021-12-05","USA","34573","109953.86","33.14","161","1182.35","0.36","484289046","235641697","204510766"
"2021-12-06","USA","197444","119744.7","36.09","1342","1262.72","0.38","486144144","236023505","204841482"
"2021-12-07","USA","113997","121795.01","36.71","1774","1300.21","0.39","488077793","236419094","205188659"
"2021-12-08","USA","149045","122030.87","36.78","1879","1281.21","0.39","490027226","236818857","205546716"
"2021-12-09","USA","123505","120643","36.36","1295","1286.52","0.39","491975536","237214719","205891338"
"2021-12-10","USA","165062","119609.33","36.05","2103","1316.5","0.4","494116999","237632372","206296674"
"2021-12-11","USA","51345","118954.68","35.85","416","1304.73","0.39","495387747","237894122","206639239"
"2021-12-12","USA","36356","117454.68","35.4","195","1303.73","0.39","496026495","238043102","206770864"
"2021-12-13","USA","202883","118611.17","35.75","1289","1282.72","0.39","497661346","238382814","207054085"
"2021-12-14","USA","116859","118144","35.61","1734","1291.49","0.39","499402632","238743574","207346014"
"2021-12-15","USA","145276","119215.44","35.93","2093","1304.44","0.39","501144913","239115179","207611589"
"2021-12-16","USA","146319","122368.4","36.88","1163","1291.11","0.39","502854525","239498074","207783888"
"2021-12-17","USA","171145","125752.03","37.9","2096","1299.12","0.39","504815550","239923772","208040317"
"2021-12-18","USA","74663","127897.85","38.55","474","1299.43","0.39","505947076","240206182","208205032"
"2021-12-19","USA","72479","133268.22","40.16","163","1299.59","0.39","506593781","240372099","208287813"
"2021-12-20","USA","302900","143432.97","43.23","1419","1311.78","0.4","508454369","240806068","208517246"
"2021-12-21","USA","189471","154603.99","46.59","2088","1365.8","0.41","510447413","241264293","208762583"
"2021-12-22","USA","243692","168553.49","50.8","2086","1367.69","0.41","512331805","241704145","209004347"
"2021-12-23","USA","265215","186685.13","56.26","3284","1382.4","0.42","513808865","242066720","209184233"
"2021-12-24","USA","183925","197656.92","59.57","1002","1358.83","0.41","514192705","242167663","209241747"
"2021-12-25","USA","58348","201628.55","60.77","99","1358.4","0.41","514199722","242169779","209242800"
"2021-12-26","USA","189714","214794.59","64.73","79","1341.68","0.4","514683134","242298905","209327540"
"2021-12-27","USA","543540","243128.15","73.27","1743","1217.1","0.37","516223913","242687292","209560799"
"2021-12-28","USA","380712","267324.36","80.57","2496","1247.64","0.38","517933952","243116377","209806691"
"2021-12-29","USA","489064","301500.21","90.86","2101","1211.28","0.37","519626497","243545897","210047377"
"2021-12-30","USA","585055","344970.05","103.97","1410","1225.83","0.37","521176784","243944661","210265156"
"2021-12-31","USA","446567","378951.02","114.21","1195","1248.83","0.38","521797692","244104717","210360591"
"2022-01-01","USA","161060","386922.96","116.61","273","1243.83","0.37","521918004","244139023","210378438"
"2022-01-02","USA","286637","405474.45","122.2","232","1257.97","0.38","522418645","244273172","210470142"
"2022-01-03","USA","1018935","486888.56","146.74","1650","1278.29","0.39","523671276","244609148","210670531"
"2022-01-04","USA","885906","547664.65","165.05","2362","1318.1","0.4","525094724","244974854","210887459"
"2022-01-05","USA","704064","585543.71","176.47","2128","1326.39","0.4","526556546","245348202","211103637"
"2022-01-06","USA","759218","608842.32","183.49","1972","1399.27","0.42","528030730","245715353","211319761"
"2022-01-07","USA","900170","648729.15","195.51","2684","1501.95","0.45","529692905","246110061","211569940"
"2022-01-08","USA","446240","655721.39","197.62","690","1521.4","0.46","530748218","246380743","211747838"
"2022-01-09","USA","315335","680334.82","205.04","401","1561.63","0.47","531249385","246520085","211824316"
"2022-01-10","USA","1433977","738030.56","222.42","1684","1657.21","0.5","532518009","246845760","212017928"
"2022-01-11","USA","769928","761402.03","229.47","2680","1744.62","0.53","533834532","247179156","212222112"
"2022-01-12","USA","880982","784414.48","236.4","2761","1833.04","0.55","535157096","247514197","212426178"
"2022-01-13","USA","868707","803730.48","242.23","2257","1878.74","0.57","536459113","247846001","212618022"
"2022-01-14","USA","933326","806794.55","243.15","2991","1935.15","0.58","537939916","248219780","212795330"
"2022-01-15","USA","423227","805062.41","242.63","998","1987.07","0.6","538735091","248442969","212883686"
"2022-01-16","USA","337807","801903.47","241.67","410","1967.25","0.59","539128831","248547760","212942215"
"2022-01-17","USA","712051","790553.41","238.25","774","1964.64","0.59","539959879","248759841","213084146"
"2022-01-18","USA","1178403","756751.7","228.07","2985","1892.46","0.57","540967964","249010753","213275588"
"2022-01-19","USA","851955","753912.92","227.21","3376","1969.63","0.59","541956732","249257365","213465176"
"2022-01-20","USA","748320","735551.75","221.68","2672","2027.47","0.61","542902164","249493941","213644663"
"2022-01-21","USA","825315","721685.81","217.5","3866","2162.48","0.65","543995187","249767751","213809264"
"2022-01-22","USA","337384","705904.8","212.74","934","2152.2","0.65","544621478","249938020","213893730"
"2022-01-23","USA","199481","692439.18","208.68","571","2182.2","0.66","544955362","250027965","213958687"
"2022-01-24","USA","1032159","665800.62","200.66","2179","2082.91","0.63","545759030","250229011","214121181"
"2022-01-25","USA","510913","650010.53","195.9","2972","2362.06","0.71","546569635","250430463","214299017"
"2022-01-26","USA","684446","618063.11","186.27","3895","2465.57","0.74","547369589","250628724","214480777"
"2022-01-27","USA","530264","590843.48","178.07","3091","2531.12","0.76","548167302","250824465","214658744"
"2022-01-28","USA","555775","555602.59","167.45","3879","2535.31","0.76","549131881","251052040","214872532"
"2022-01-29","USA","242113","537696.3","162.05","1306","2577.18","0.78","549605781","251171015","214986516"
"2022-01-30","USA","104058","523293.72","157.71","361","2543.01","0.77","549872736","251242366","215054605"
"2022-01-31","USA","661972","458757.5","138.26","2573","2564.33","0.77","550509505","251400429","215215443"
"2022-02-01","USA","296405","425782.02","128.32","3582","2652.5","0.8","551133326","251548803","215378039"
"2022-02-02","USA","325029","387309.94","116.73","3631","2669.05","0.8","551712410","251692611","215534897"
"2022-02-03","USA","312242","357981.76","107.89","3022","2641.86","0.8","552239065","251821044","215677039"
"2022-02-04","USA","312980","319418.31","96.27","3976","2624.58","0.79","552902416","251972926","215864005"
"2022-02-05","USA","123767","304363.84","91.73","868","2602.56","0.78","553345385","252081096","215999147"
"2022-02-06","USA","58477","295944.67","89.19","378","2564.63","0.77","553560912","252139748","216061149"
"2022-02-07","USA","348119","253842.13","76.5","2739","2597.87","0.78","554050086","252267820","216195450"
"2022-02-08","USA","194496","240650.2","72.53","3358","2572.76","0.78","554557634","252393784","216343106"
"2022-02-09","USA","226349","227980.34","68.71","3570","2576.26","0.78","555075095","252523947","216490671"
"2022-02-10","USA","173593","205831.48","62.03","3261","2575","0.78","555590555","252652400","216632798"
"2022-02-11","USA","169823","187362.91","56.47","2807","2474.33","0.75","556220255","252803115","216809341"
"2022-02-12","USA","63962","178702.21","53.86","761","2454.33","0.74","556569334","252892515","216913220"
"2022-02-13","USA","34388","174626.68","52.63","472","2465.18","0.74","556723665","252934964","216960327"
"2022-02-14","USA","206324","154920.7","46.69","2586","2399.58","0.72","557069849","253023791","217059612"
"2022-02-15","USA","115512","140213.16","42.26","2850","2327.91","0.7","557476940","253124550","217176757"
"2022-02-16","USA","141180","124029.89","37.38","3306","2317.11","0.7","557896546","253227756","217295521"
"2022-02-17","USA","103865","113971.14","34.35","3187","2306.14","0.7","558309529","253327169","217407138"
"2022-02-18","USA","109609","108396.55","32.67","2491","2260.23","0.68","558841815","253451072","217551980"
"2022-02-19","USA","46211","105741.17","31.87","692","2251.96","0.68","559126887","253525221","217631297"
"2022-02-20","USA","26167","102389.57","30.86","414","2183.67","0.66","559282790","253567361","217673905"
"2022-02-21","USA","55659","88944.78","26.81","760","2095.47","0.63","559603106","253646868","217762852"
"2022-02-22","USA","123117","81818.98","24.66","2726","1959.87","0.59","559960737","253737491","217863099"
"2022-02-23","USA","84544","76682.3","23.11","3024","1907.89","0.57","560308460","253824796","217957491"
"2022-02-24","USA","73406","72688.59","21.91","2908","1868.12","0.56","560642108","253907580","218044267"
"2022-02-25","USA","85986","68661.94","20.69","2809","1897.54","0.57","561041040","254003277","218151036"
"2022-02-26","USA","25222","66443.11","20.02","565","1871.6","0.56","561286587","254068181","218216309"
"2022-02-27","USA","9086","65763.54","19.82","197","1876.32","0.57","561411021","254102085","218248519"
"2022-02-28","USA","107800","64295.16","19.38","1972","1855.03","0.56","561731241","254178133","218330536"
"2022-03-01","USA","43583","58502.66","17.63","1933","1908.82","0.58","562016477","254246658","218405016"
"2022-03-02","USA","58146","54192.11","16.33","2348","1838.27","0.55","562278498","254313106","218477293"
"2022-03-03","USA","51737","51066.27","15.39","1882","1706.44","0.51","562536557","254377907","218547345"
"2022-03-04","USA","49587","46314.57","13.96","1892","1562.53","0.47","562860566","254457195","218636995"
"2022-03-05","USA","16615","45222.64","13.63","307","1539.55","0.46","563044675","254506584","218689507"
"2022-03-06","USA","6775","43811.01","13.2","212","1510.71","0.46","563134718","254532794","218714464"
"2022-03-07","USA","63052","41120.44","12.39","1686","1473.71","0.44","563349201","254589647","218770180"
"2022-03-08","USA","34016","39767.86","11.99","1575","1452.25","0.44","563566957","254644752","218829339"
"2022-03-09","USA","47704","37585.27","11.33","1813","1369.85","0.41","563783622","254700702","218889284"
"2022-03-10","USA","38193","35711.71","10.76","1559","1294.13","0.39","564000370","254755409","218949557"
"2022-03-11","USA","44375","35061.16","10.57","1684","1272.79","0.38","564263628","254819594","219024245"
"2022-03-12","USA","10922","34244.21","10.32","472","1297.07","0.39","564407241","254858813","219065832"
"2022-03-13","USA","6390","34244.25","10.32","143","1293.39","0.39","564482230","254880482","219086931"
"2022-03-14","USA","49048","32945.14","9.93","-2435","1260.47","0.38","564680597","254932186","219138987"
"2022-03-15","USA","48396","32139.88","9.69","1523","1226.65","0.37","564888705","254985011","219192348"
"2022-03-16","USA","39396","31216.17","9.41","2033","1262.85","0.38","565100185","255039568","219245562"
"2022-03-17","USA","35986","30371.12","9.15","1208","1220.13","0.37","565301461","255090393","219294552"
"2022-03-18","USA","36469","29470.59","8.88","1043","1163.27","0.35","565558018","255153301","219357035"
"2022-03-19","USA","12119","29416.36","8.87","332","1117.42","0.34","565704746","255192370","219394313"
"2022-03-20","USA","7853","29604.58","8.92","83","1092.83","0.33","565781754","255215101","219412342"
"2022-03-21","USA","46135","29363.43","8.85","959","1065.85","0.32","565973887","255267138","219457842"
"2022-03-22","USA","25669","28984.76","8.74","997","1000.17","0.3","566159708","255315419","219502329"
"2022-03-23","USA","47087","30259.49","9.12","1355","919.13","0.28","566355586","255368147","219549440"
"2022-03-24","USA","37746","30404.64","9.16","982","830.04","0.25","566547055","255421101","219593190"
"2022-03-25","USA","33737","30113.77","9.08","832","803.28","0.24","566782151","255483048","219649084"
"2022-03-26","USA","12055","30215.56","9.11","163","797.83","0.24","566907330","255517169","219679700"
"2022-03-27","USA","7498","30143.84","9.08","50","794.78","0.24","566972545","255535508","219694844"
"2022-03-28","USA","42236","29237.02","8.81","910","751.75","0.23","567147602","255585829","219733681"
"2022-03-29","USA","25628","29345.19","8.84","757","716.34","0.22","567347383","255632458","219774147"
"2022-03-30","USA","45442","27713.62","8.35","1208","703.48","0.21","567752614","255692531","219832419"
"2022-03-31","USA","37777","27862.02","8.4","875","698.01","0.21","568312182","255767644","219898973"
"2022-04-01","USA","32435","27597.55","8.32","645","657.8","0.2","568979449","255846364","219979788"
"2022-04-02","USA","11395","27335.09","8.24","137","652.91","0.2","569327368","255891389","220024279"
"2022-04-03","USA","4927","26991.71","8.13","39","650.15","0.2","569538505","255919851","220050252"
"2022-04-04","USA","41040","27454.23","8.27","625","633.96","0.19","570102675","255989185","220112537"
"2022-04-05","USA","30893","28549.75","8.6","464","603.53","0.18","570662195","256052109","220174374"
"2022-04-06","USA","49323","29022.58","8.75","1117","598.54","0.18","571244170","256116661","220239170"
"2022-04-07","USA","35706","28465.65","8.58","708","563.58","0.17","571832114","256180941","220302630"
"2022-04-08","USA","44105","30497.72","9.19","543","546.92","0.16","572511686","256253160","220378144"
"2022-04-09","USA","13521","30749.28","9.27","272","558.2","0.17","572852561","256296531","220420610"
"2022-04-10","USA","8185","31102.46","9.37","27","562.99","0.17","573050619","256323660","220445290"
"2022-04-11","USA","49985","32220.26","9.71","434","533.64","0.16","573635515","256386936","220507373"
"2022-04-12","USA","29034","31569.5","9.51","591","534.19","0.16","574255670","256451548","220571063"
"2022-04-13","USA","53909","33692.37","10.15","994","470.21","0.14","574843355","256516847","220633468"
"2022-04-14","USA","57463","36831.86","11.1","616","456.59","0.14","575437749","256582962","220696026"
"2022-04-15","USA","47618","37002.7","11.15","723","465.85","0.14","576010808","256649738","220760751"
"2022-04-16","USA","10903","37403.98","11.27","40","447.91","0.13","576272817","256686335","220793902"
"2022-04-17","USA","11279","37301.89","11.24","17","447.62","0.13","576333501","256698250","220802371"
"2022-04-18","USA","60076","38960.25","11.74","317","425.23","0.13","576853355","256757667","220859648"
"2022-04-19","USA","50022","41587.97","12.53","454","410.2","0.12","577401120","256819096","220917194"
"2022-04-20","USA","62897","42882.73","12.92","611","386.09","0.12","577942563","256879431","220975066"
"2022-04-21","USA","59266","42706.88","12.87","484","375.7","0.11","578452888","256937564","221030802"
"2022-04-22","USA","68097","46163.34","13.91","490","369.05","0.11","578954304","256994245","221087427"
"2022-04-23","USA","18917","46334.38","13.96","97","369.47","0.11","579217040","257030723","221120740"
"2022-04-24","USA","12391","46716.53","14.08","28","362.52","0.11","579352566","257051474","221138859"
"2022-04-25","USA","74612","48880.69","14.73","353","360.14","0.11","579784139","257101470","221187865"
"2022-04-26","USA","54653","50599.03","15.25","306","353.76","0.11","580244877","257153544","221237724"
"2022-04-27","USA","84470","53238.75","16.04","671","341.79","0.1","580724865","257207671","221289711"
"2022-04-28","USA","73569","54959.22","16.56","463","332.78","0.1","581208935","257262411","221343004"
"2022-04-29","USA","81831","56906.08","17.15","419","316.34","0.1","581725064","257320642","221402193"
"2022-04-30","USA","22326","56272","16.96","89","320.6","0.1","581969320","257354554","221433810"
"2022-05-01","USA","15368","56669.77","17.08","23","319.92","0.1","582105667","257375268","221451411"
"2022-05-02","USA","95844","60925.69","18.36","391","330.55","0.1","582501777","257422943","221496285"
"2022-05-03","USA","69334","62452.69","18.82","664","339.68","0.1","582926063","257472798","221543453"
"2022-05-04","USA","101956","65846.35","19.84","1933","364.61","0.11","583347637","257522985","221590575"
"2022-05-05","USA","93427","67789.75","20.43","694","365.65","0.11","583762706","257571868","221638082"
"2022-05-06","USA","95212","70845.2","21.35","453","372.47","0.11","584220928","257625944","221692032"
"2022-05-07","USA","30358","71238.16","21.47","96","367.24","0.11","584429134","257655818","221719639"
"2022-05-08","USA","11793","70973.16","21.39","19","367.67","0.11","584521044","257671645","221731449"
"2022-05-09","USA","112653","74131.26","22.34","329","366.91","0.11","584914317","257718709","221776205"
"2022-05-10","USA","93623","77005.8","23.21","304","365.41","0.11","585340252","257769523","221822641"
"2022-05-11","USA","161535","84431.2","25.45","565","327.38","0.1","585767899","257820181","221869849"
"2022-05-12","USA","115357","87624.41","26.41","372","320.98","0.1","586205590","257870755","221917729"
"2022-05-13","USA","114465","90060.25","27.14","426","331.08","0.1","586682307","257927681","221970107"
"2022-05-14","USA","25065","90171.86","27.18","46","310.83","0.09","586923096","257960735","221999955"
"2022-05-15","USA","19439","91264.14","27.5","27","311.05","0.09","587055539","257980848","222017005"
"2022-05-16","USA","149818","95936.1","28.91","321","302.03","0.09","587445897","258030423","222060742"
"2022-05-17","USA","134093","100749.66","30.36","354","317.55","0.1","587859971","258082422","222105728"
"2022-05-18","USA","168915","102967.09","31.03","580","303.79","0.09","588284128","258135277","222152686"
"2022-05-19","USA","121162","104761.89","31.57","406","303.14","0.09","588728821","258188524","222200634"
"2022-05-20","USA","140016","108238.34","32.62","398","300.96","0.09","589245260","258248609","222255329"
"2022-05-21","USA","37307","108693.66","32.76","115","311.77","0.09","589517170","258283022","222286660"
"2022-05-22","USA","21987","108148.81","32.59","51","309.21","0.09","589672496","258304471","222305332"
"2022-05-23","USA","132884","107333.7","32.35","249","311.75","0.09","590113345","258357784","222352583"
"2022-05-24","USA","132365","108099.93","32.58","549","330.69","0.1","590545030","258409714","222397784"
"2022-05-25","USA","187094","110570.14","33.32","804","360.74","0.11","590964490","258461238","222443369"
"2022-05-26","USA","124641","110045.81","33.17","343","358.33","0.11","591370905","258511096","222486688"
"2022-05-27","USA","138911","109821.41","33.1","602","375.04","0.11","591821297","258566207","222536148"
"2022-05-28","USA","13762","109838.41","33.1","35","370.97","0.11","592023979","258593533","222559888"
"2022-05-29","USA","9045","109893.7","33.12","8","373.9","0.11","592137372","258610853","222573516"
"2022-05-30","USA","32152","109001.55","32.85","22","367.98","0.11","592169657","258616712","222577733"
"2022-05-31","USA","182383","98645.39","29.73","382","298.07","0.09","592549109","258666941","222623670"
"2022-06-01","USA","219026","101536.34","30.6","592","279.19","0.08","592925569","258716058","222665361"
"2022-06-02","USA","111370","101332.51","30.54","371","280.67","0.08","593289019","258762735","222704973"
"2022-06-03","USA","142212","101947.57","30.72","407","264.03","0.08","593693735","258814429","222749716"
"2022-06-04","USA","43650","101485.14","30.59","193","269.18","0.08","593887053","258841367","222772606"
"2022-06-05","USA","16479","100967.79","30.43","18","266.59","0.08","593994792","258858400","222785994"
"2022-06-06","USA","137103","98855.56","29.79","321","265.61","0.08","594316453","258903578","222823817"
"2022-06-07","USA","142813","112772.67","33.99","470","325.82","0.1","594637210","258947751","222860040"
"2022-06-08","USA","178806","111473.21","33.6","1045","344.88","0.1","594961848","258992634","222897247"
"2022-06-09","USA","117711","109835.25","33.1","343","344.55","0.1","595276977","259036275","222932472"
"2022-06-10","USA","136041","109336.14","32.95","371","337.65","0.1","595626439","259083631","222973124"
"2022-06-11","USA","35373","108478.14","32.69","124","331.88","0.1","595789983","259108833","222994210"
"2022-06-12","USA","18393","103151.27","31.09","19","331.09","0.1","595877362","259124284","223006519"
"2022-06-13","USA","125403","106753.37","32.17","271","323.72","0.1","596148394","259164664","223040200"
"2022-06-14","USA","135415","105745.92","31.87","438","322.08","0.1","596428503","259206676","223073618"
"2022-06-15","USA","171804","104873.05","31.61","654","327.02","0.1","596713598","259247821","223108200"
"2022-06-16","USA","104197","103406.2","31.16","335","321.04","0.1","596996739","259289013","223141823"
"2022-06-17","USA","116557","101616.34","30.62","304","315.6","0.1","597297646","259332537","223178278"
"2022-06-18","USA","14765","100493.82","30.29","24","313.28","0.09","597429806","259355159","223196205"
"2022-06-19","USA","14607","100760.05","30.37","22","313.42","0.09","597492627","259366956","223205380"
"2022-06-20","USA","54196","96402.86","29.05","89","311.13","0.09","597728913","259403925","223231632"
"2022-06-21","USA","209738","96201.66","28.99","570","289.39","0.09","597999848","259455361","223263825"
"2022-06-22","USA","170441","97249.18","29.31","774","298.48","0.09","598287185","259519097","223297476"
"2022-06-23","USA","116493","99541.29","30","499","327.23","0.1","598574623","259588973","223329085"
"2022-06-24","USA","155559","104990.58","31.64","492","349.79","0.11","598885852","259667837","223364011"
"2022-06-25","USA","47669","106396.54","32.07","163","355.11","0.11","599049651","259729709","223380793"
"2022-06-26","USA","18238","102765.82","30.97","6","347.92","0.1","599129200","259754754","223390755"
"2022-06-27","USA","132239","108190.67","32.61","279","333.12","0.1","599383974","259822014","223419735"
"2022-06-28","USA","122288","108913.08","32.82","541","376.8","0.11","599652426","259893532","223449808"
"2022-06-29","USA","195776","112409.48","33.88","693","387.52","0.12","599926759","259968428","223480687"
"2022-06-30","USA","123718","113959.39","34.34","453","377.99","0.11","600209859","260045532","223512235"
"2022-07-01","USA","152261","114096.95","34.39","522","387.22","0.12","600491056","260119122","223543608"
"2022-07-02","USA","12320","113060.43","34.07","21","387.07","0.12","600605915","260150401","223557611"
"2022-07-03","USA","6861","112759.43","33.98","3","386.93","0.12","600665121","260165261","223565753"
"2022-07-04","USA","35662","105278","31.73","64","388.65","0.12","600678310","260169229","223567667"
"2022-07-05","USA","180886","100136.92","30.18","426","327.04","0.1","600931387","260234289","223600512"
"2022-07-06","USA","240291","107745.33","32.47","717","322.75","0.1","601198869","260303367","223631671"
"2022-07-07","USA","124612","107826.69","32.5","475","326","0.1","601473370","260372741","223662726"
"2022-07-08","USA","168059","108306.14","32.64","562","322.24","0.1","601781861","260446860","223697393"
"2022-07-09","USA","23586","108493.82","32.7","36","323","0.1","601929618","260486532","223714464"
"2022-07-10","USA","22569","107425.35","32.38","8","322.08","0.1","602008303","260507798","223724043"
"2022-07-11","USA","175329","116587.87","35.14","551","327.41","0.1","602279526","260567830","223754798"
"2022-07-12","USA","184269","130669.99","39.38","522","395.57","0.12","602582714","260635837","223787367"
"2022-07-13","USA","191126","127458.15","38.41","880","430.48","0.13","602930737","260706207","223823672"
"2022-07-14","USA","144183","129459.27","39.02","458","419.46","0.13","603299076","260779070","223859813"
"2022-07-15","USA","169882","130463.27","39.32","533","423.88","0.13","603716134","260858543","223901426"
"2022-07-16","USA","21042","130099.84","39.21","42","424.29","0.13","603930168","260899928","223922784"
"2022-07-17","USA","21971","129964.59","39.17","11","424.86","0.13","604046436","260921546","223935533"
"2022-07-18","USA","170448","126837.32","38.23","520","426.91","0.13","604408072","260989080","223973212"
"2022-07-19","USA","160871","124601.65","37.55","547","435.81","0.13","604769565","261060219","224013306"
"2022-07-20","USA","204616","127920.14","38.55","792","427.25","0.13","605115695","261129447","224054355"
"2022-07-21","USA","153511","128426.77","38.7","551","437.7","0.13","605481860","261199454","224098017"
"2022-07-22","USA","165689","127668.7","38.48","580","445.66","0.13","605897195","261274291","224149217"
"2022-07-23","USA","24251","127814.84","38.52","56","445.04","0.13","606099785","261313331","224180181"
"2022-07-24","USA","21500","127782.98","38.51","14","444.42","0.13","606199644","261332967","224194593"
"2022-07-25","USA","167703","128041.58","38.59","512","439.59","0.13","606511647","261394931","224231922"
"2022-07-26","USA","164235","128646.7","38.77","519","433.61","0.13","606834201","261459743","224274522"
"2022-07-27","USA","226485","128540.84","38.74","824","438.5","0.13","607144582","261522604","224316926"
"2022-07-28","USA","149107","127116.21","38.31","484","438.84","0.13","607453044","261585000","224360867"
"2022-07-29","USA","139296","124060.11","37.39","618","435.58","0.13","607777244","261650102","224407811"
"2022-07-30","USA","11967","124047.54","37.38","22","437.01","0.13","607918011","261681409","224429170"
"2022-07-31","USA","10865","123510.15","37.22","9","435.12","0.13","607987438","261697671","224439379"
"2022-08-01","USA","176726","121369.78","36.58","606","445.55","0.13","608231492","261752264","224470587"
"2022-08-02","USA","108210","122582.43","36.94","445","449.73","0.14","608490580","261810070","224507609"
"2022-08-03","USA","217279","120397.65","36.28","1057","475.17","0.14","608744254","261867667","224544089"
"2022-08-04","USA","164731","118310.5","35.66","673","491.6","0.15","608993926","261924407","224579700"
"2022-08-05","USA","131914","117586.96","35.44","657","492.48","0.15","609261617","261984042","224620013"
"2022-08-06","USA","10786","117418.39","35.39","28","491.64","0.15","609386096","262013263","224642472"
"2022-08-07","USA","10081","117483.39","35.41","11","494.16","0.15","609450014","262028289","224655055"
"2022-08-08","USA","145444","110731.57","33.37","563","483.38","0.15","609670908","262079090","224687764"
"2022-08-09","USA","128647","108973.61","32.84","562","489.61","0.15","609899676","262131586","224722493"
"2022-08-10","USA","174832","108127.3","32.59","872","476.53","0.14","610114731","262182022","224755137"
"2022-08-11","USA","137018","105790.03","31.88","701","474.27","0.14","610332958","262234060","224788687"
"2022-08-12","USA","121768","105564.89","31.81","671","490.5","0.15","610572962","262289468","224827090"
"2022-08-13","USA","6854","105514.75","31.8","18","490.5","0.15","610680157","262316042","224846383"
"2022-08-14","USA","10704","102873.61","31","12","488.09","0.15","610733034","262329900","224855433"
"2022-08-15","USA","129362","99834.5","30.09","555","488.68","0.15","610930659","262376368","224886275"
"2022-08-16","USA","120617","100807.25","30.38","472","466.82","0.14","611135493","262425050","224918360"
"2022-08-17","USA","159819","98315.25","29.63","960","490.99","0.15","611337776","262473122","224950072"
"2022-08-18","USA","126366","96253.17","29.01","608","475.06","0.14","611532626","262520569","224981212"
"2022-08-19","USA","108491","95242.3","28.7","531","460.36","0.14","611745904","262571910","225017788"
"2022-08-20","USA","7927","95091.07","28.66","27","460.07","0.14","611833778","262594322","225033827"
"2022-08-21","USA","8522","95102.16","28.66","8","459.73","0.14","611877494","262606068","225041495"
"2022-08-22","USA","120642","92548.82","27.89","593","458.88","0.14","612044423","262647620","225068705"
"2022-08-23","USA","105203","91609.46","27.61","505","465.45","0.14","612220949","262691350","225098117"
"2022-08-24","USA","174117","91334.89","27.53","926","457.51","0.14","612395636","262734781","225127585"
"2022-08-25","USA","111177","91355.73","27.53","644","462.92","0.14","612566835","262778560","225156904"
"2022-08-26","USA","102432","91754.29","27.65","637","483.98","0.15","612747240","262823807","225189492"
"2022-08-27","USA","8823","91739.32","27.65","30","483.96","0.15","612825521","262844438","225204939"
"2022-08-28","USA","8539","88645.13","26.72","3","480.69","0.14","612863903","262854932","225212203"
"2022-08-29","USA","112305","89495.69","26.97","591","475.85","0.14","613005369","262890496","225237051"
"2022-08-30","USA","117036","90393.32","27.24","467","472.56","0.14","613153914","262929317","225262803"
"2022-08-31","USA","154106","90268.97","27.2","1403","502.23","0.15","613288488","262965429","225287976"
"2022-09-01","USA","108660","89660.95","27.02","713","512.61","0.15","613387308","262996533","225309064"
"2022-09-02","USA","88353","87569.22","26.39","502","494.47","0.15","613477812","263027441","225332641"
"2022-09-03","USA","7437","86970.29","26.21","19","492.61","0.15","613534191","263040682","225343352"
"2022-09-04","USA","5823","87231.65","26.29","1","492.47","0.15","613577190","263049702","225349696"
"2022-09-05","USA","18464","81576.24","24.59","53","489.8","0.15","613590568","263053584","225351785"
"2022-09-06","USA","125894","75290.11","22.69","628","419.63","0.13","613768601","263090028","225381078"
"2022-09-07","USA","143851","71863.43","21.66","829","397.23","0.12","614169956","263143814","225422965"
"2022-09-08","USA","88425","68313.43","20.59","674","382.91","0.12","614602333","263199414","225466224"
"2022-09-09","USA","73885","66038","19.9","533","382.07","0.12","615168648","263266289","225521944"
"2022-09-10","USA","3227","66034.57","19.9","26","384.75","0.12","615488045","263301753","225555658"
"2022-09-11","USA","11464","66116.02","19.93","19","375.3","0.11","615691059","263324442","225574327"
"2022-09-12","USA","87513","68307.62","20.59","569","382.48","0.12","616243845","263384394","225622830"
"2022-09-13","USA","61642","64556.71","19.46","488","432.38","0.13","616779522","263442745","225670209"
"2022-09-14","USA","115429","62809.42","18.93","920","456.38","0.14","617356244","263503854","225720892"
"2022-09-15","USA","94428","64273.35","19.37","624","457.71","0.14","617940516","263566364","225772692"
"2022-09-16","USA","58755","62151.66","18.73","448","449.48","0.14","618646280","263639809","225836161"
"2022-09-17","USA","6723","62032.24","18.7","22","447.43","0.13","618986490","263676258","225866963"
"2022-09-18","USA","5259","61707.93","18.6","8","447.04","0.13","619181453","263698609","225883830"
"2022-09-19","USA","67366","59560.22","17.95","507","438.78","0.13","619799773","263761797","225934683"
"2022-09-20","USA","51588","57289.15","17.27","408","425.84","0.13","620430242","263824792","225987030"
"2022-09-21","USA","107334","56001.25","16.88","925","424.55","0.13","621118372","263892277","226043664"
"2022-09-22","USA","93702","55777.45","16.81","518","417.82","0.13","621800988","263959404","226100107"
"2022-09-23","USA","44496","54132.12","16.31","455","410.51","0.12","622616170","264038831","226167891"
"2022-09-24","USA","8091","54200.3","16.33","37","412.76","0.12","622997168","264077206","226201334"
"2022-09-25","USA","6319","54305.16","16.37","6","413.18","0.12","623214027","264100436","226218677"
"2022-09-26","USA","58520","52577.23","15.85","404","395.88","0.12","623929765","264168072","226271810"
"2022-09-27","USA","41883","51294.09","15.46","445","394.99","0.12","624640495","264234462","226325990"
"2022-09-28","USA","100328","48778.19","14.7","1312","385.8","0.12","625374865","264303444","226383400"
"2022-09-29","USA","84992","47568.37","14.34","633","407.78","0.12","626094074","264370784","226440674"
"2022-09-30","USA","39367","46902.91","14.14","397","405.59","0.12","626922109","264446649","226506045"
"2022-10-01","USA","6417","46663.91","14.06","26","404.02","0.12","627301508","264482172","226535283"
"2022-10-02","USA","5948","46598.91","14.04","0","404.02","0.12","627510797","264503867","226551881"
"2022-10-03","USA","47836","45384.34","13.68","280","385.51","0.12","628231741","264569896","226604595"
"2022-10-04","USA","35854","44339.93","13.36","477","392.55","0.12","628959450","264635578","226658744"
"2022-10-05","USA","80514","43022.81","12.97","1112","390.2","0.12","629757129","264707575","226717012"
"2022-10-06","USA","73835","41467.09","12.5","704","388.39","0.12","630535128","264778314","226774160"
"2022-10-07","USA","34654","40164.3","12.1","317","380.17","0.11","631412942","264857570","226840259"
"2022-10-08","USA","-6940","40129.19","12.09","-50","382.46","0.12","631823057","264895795","226870720"
"2022-10-09","USA","6054","40609.65","12.24","3","382.35","0.12","632045454","264919112","226887995"
"2022-10-10","USA","24294","39031.71","11.76","163","378.07","0.11","632787018","264984408","226942051"
"2022-10-11","USA","41175","39243.77","11.83","597","387.46","0.12","633550560","265051698","226997123"
"2022-10-12","USA","73680","39365.73","11.86","787","382.29","0.12","634374623","265126257","227056867"
"2022-10-13","USA","75644","38546.66","11.62","639","378.35","0.11","635159624","265198009","227113758"
"2022-10-14","USA","29650","38640.86","11.65","385","382.5","0.12","636051522","265278783","227179340"
"2022-10-15","USA","2776","38562.72","11.62","18","379.78","0.11","636439029","265315658","227208166"
"2022-10-16","USA","7046","38180.94","11.51","12","378.78","0.11","636652216","265338561","227224763"
"2022-10-17","USA","47148","38806.84","11.7","358","360.14","0.11","637416156","265410205","227279902"
"2022-10-18","USA","28124","39030.02","11.76","380","382.14","0.12","638178731","265479963","227334379"
"2022-10-19","USA","68459","39194.49","11.81","705","366.2","0.11","638977419","265554644","227392374"
"2022-10-20","USA","61101","38891.06","11.72","538","359.78","0.11","639747912","265626542","227448454"
"2022-10-21","USA","33962","39187.72","11.81","628","361.44","0.11","640605372","265705745","227511293"
"2022-10-22","USA","2576","39140.44","11.8","10","361.01","0.11","640990400","265742050","227539486"
"2022-10-23","USA","6975","38943.86","11.74","1","360.76","0.11","641199944","265764364","227555255"
"2022-10-24","USA","39792","37717.01","11.37","233","353.9","0.11","641947260","265833375","227609011"
"2022-10-25","USA","25656","37961.28","11.44","380","357.06","0.11","642715816","265903405","227663817"
"2022-10-26","USA","80815","37784.88","11.39","1125","361.42","0.11","643560650","265980325","227723399"
"2022-10-27","USA","68863","37570.38","11.32","588","358.33","0.11","644349693","266052066","227779087"
"2022-10-28","USA","33101","37094.28","11.18","236","350.45","0.11","645210369","266129275","227841296"
"2022-10-29","USA","3692","37111.16","11.18","22","351.72","0.11","645582174","266163628","227867880"
"2022-10-30","USA","3679","36999.2","11.15","2","352.31","0.11","645776076","266183346","227882024"
"2022-10-31","USA","46412","37846.29","11.41","184","347.98","0.1","646384492","266240868","227924209"
"2022-11-01","USA","29310","38811.59","11.7","341","342.46","0.1","647024640","266301977","227970319"
"2022-11-02","USA","76147","39284.37","11.84","875","344.95","0.1","647681343","266367152","228018886"
"2022-11-03","USA","78076","40209.55","12.12","556","338.93","0.1","648323080","266432266","228067168"
"2022-11-04","USA","49359","40290.41","12.14","489","318.34","0.1","649079809","266508129","228124499"
"2022-11-05","USA","3729","40263.2","12.13","21","320.05","0.1","649423049","266542665","228150055"
"2022-11-06","USA","6639","40108.17","12.09","5","318.03","0.1","649603308","266563145","228164045"
"2022-11-07","USA","39292","39766.2","11.98","137","299.7","0.09","650187784","266622184","228207144"
"2022-11-08","USA","21141","39618.13","11.94","213","308.45","0.09","650752536","266680626","228249403"
"2022-11-09","USA","93686","40343.05","12.16","920","315.53","0.1","651308671","266738995","228292333"
"2022-11-10","USA","87920","40989.56","12.35","581","325.85","0.1","651866732","266797565","228335212"
"2022-11-11","USA","11324","39939.56","12.04","12718","316.94","0.1","652467920","266856747","228381285"
"2022-11-12","USA","2575","39767.27","11.98","2","316.8","0.1","652750515","266886514","228403147"
"2022-11-13","USA","1954","39638.41","11.95","1","316.51","0.1","652909399","266905647","228415707"
"2022-11-14","USA","50921","39484.71","11.9","172","296.8","0.09","653425942","266959533","228455489"
"2022-11-15","USA","33064","39554.7","11.92","303","281.05","0.08","653949826","267015280","228496303"
"2022-11-16","USA","78326","39265.24","11.83","505","279.49","0.08","654477790","267072214","228537885"
"2022-11-17","USA","83021","40252.91","12.13","426","281.26","0.08","654989880","267128585","228578570"
"2022-11-18","USA","50688","40885.16","12.32","516","284.1","0.09","655557955","267189739","228623683"
"2022-11-19","USA","3497","41001.63","12.36","11","285.13","0.09","655824941","267219587","228644795"
"2022-11-20","USA","3239","39849.7","12.01","0","285.13","0.09","655969930","267238218","228656952"
"2022-11-21","USA","43664","41373.79","12.47","164","293.61","0.09","656425345","267290915","228694108"
"2022-11-22","USA","37327","41773.57","12.59","447","319.96","0.1","656849167","267338310","228729861"
"2022-11-23","USA","110685","43360.64","13.07","971","329.87","0.1","657208062","267379740","228760757"
"2022-11-24","USA","36030","42490.69","12.81","150","339.44","0.1","657213970","267380860","228761347"
"2022-11-25","USA","25718","42259.72","12.74","219","336.31","0.1","657461380","267408146","228780067"
"2022-11-26","USA","1190","42136.29","12.7","1","334.88","0.1","657652917","267430472","228795539"
"2022-11-27","USA","6829","41492.72","12.5","14","332.15","0.1","657771833","267445430","228805692"
"2022-11-28","USA","57948","42000.19","12.66","190","315.68","0.1","658107322","267482280","228833228"
"2022-11-29","USA","47873","42707.34","12.87","317","287.34","0.09","658455874","267520897","228862400"
"2022-11-30","USA","111941","45480.96","13.71","458","263.41","0.08","658889454","267569384","228900198"
"2022-12-01","USA","97140","48882.9","14.73","691","249.74","0.08","659277438","267611550","228933203"
"2022-12-02","USA","73466","51366.98","15.48","414","247.63","0.07","659716279","267658800","228970260"
"2022-12-03","USA","4861","51695.06","15.58","19","249.98","0.08","659920383","267682011","228987050"
"2022-12-04","USA","4606","52005.33","15.67","0","249.98","0.08","660035121","267696637","228996839"
"2022-12-05","USA","54039","53033.59","15.98","184","260.53","0.08","660385971","267736085","229025171"
"2022-12-06","USA","48438","54140.68","16.32","481","287.36","0.09","660751583","267776124","229054639"
"2022-12-07","USA","150330","60646.29","18.28","937","342.58","0.1","661127692","267817932","229085336"
"2022-12-08","USA","140393","66004.24","19.89","1500","459.86","0.14","661506931","267859587","229116622"
"2022-12-09","USA","33559","65411.22","19.71","294","465.61","0.14","661933435","267905466","229150987"
"2022-12-10","USA","5055","64904.29","19.56","17","465.9","0.14","662149278","267930161","229167970"
"2022-12-11","USA","5285","65001.29","19.59","0","465.9","0.14","662273358","267946136","229178156"
"2022-12-12","USA","54299","65469.64","19.73","185","467.56","0.14","662639997","267987306","229207302"
"2022-12-13","USA","58272","66110.68","19.92","469","472.93","0.14","663008281","268029238","229236558"
"2022-12-14","USA","155088","65675.48","19.79","805","451.01","0.14","663358039","268069667","229265386"
"2022-12-15","USA","126754","64451.65","19.42","640","373.49","0.11","663682048","268107934","229291420"
"2022-12-16","USA","74194","65574.96","19.76","553","408.75","0.12","664062673","268150158","229321922"
"2022-12-17","USA","4928","65565.1","19.76","12","408.04","0.12","664259895","268173571","229338624"
"2022-12-18","USA","5920","65655.82","19.79","0","408.04","0.12","664373850","268189266","229348598"
"2022-12-19","USA","57233","66034.74","19.9","223","413.41","0.12","664711486","268230128","229376772"
"2022-12-20","USA","56831","67377.19","20.31","452","406.6","0.12","665028939","268269451","229404291"
"2022-12-21","USA","180471","67482.83","20.34","1011","413.25","0.12","665317901","268307455","229430255"
"2022-12-22","USA","148531","70437.13","21.23","601","421.82","0.13","665547079","268339405","229451004"
"2022-12-23","USA","31370","70511.86","21.25","176","428.48","0.13","665700653","268361865","229465338"
"2022-12-24","USA","4923","70511","21.25","2","428.05","0.13","665739625","268368558","229469510"
"2022-12-25","USA","3449","67806.16","20.44","0","428.05","0.13","665742181","268369780","229469676"
"2022-12-26","USA","9232","66016.31","19.9","11","426.48","0.13","665852398","268388421","229479820"
"2022-12-27","USA","85608","66857.06","20.15","262","387.63","0.12","666118942","268425738","229504767"
"2022-12-28","USA","122972","64611.14","19.47","839","344.93","0.1","666380587","268461940","229529051"
"2022-12-29","USA","110093","58473.94","17.62","651","351.12","0.11","666644942","268498529","229553298"
"2022-12-30","USA","33191","58701.43","17.69","522","315.92","0.1","666888577","268531382","229575525"
"2022-12-31","USA","5522","58787","17.72","13","316.77","0.1","666952241","268541239","229580638"
"2023-01-01","USA","-14195","58799.68","17.72","0","316.77","0.1","666962231","268543519","229581410"
"2023-01-02","USA","10893","59110.75","17.81","0","316.69","0.1","667086190","268563718","229593115"
"2023-01-03","USA","76682","59166.53","17.83","315","309.92","0.09","667314723","268596097","229615949"
"2023-01-04","USA","208167","62931.25","18.97","2126","457.19","0.14","667532053","268627652","229637430"
"2023-01-05","USA","115830","63926.82","19.27","678","474.37","0.14","667759856","268660215","229659798"
"2023-01-06","USA","109594","65743.74","19.81","561","512.77","0.15","668032629","268696836","229686222"
"2023-01-07","USA","3607","65688.03","19.8","13","513.62","0.15","668166932","268716049","229698859"
"2023-01-08","USA","6100","65626.05","19.78","3","508.72","0.15","668235802","268727160","229705356"
"2023-01-09","USA","44472","65408.79","19.71","199","467.31","0.14","668442071","268756449","229725012"
"2023-01-10","USA","43997","65014.2","19.59","727","580.1","0.17","668645088","268784808","229745113"
"2023-01-11","USA","158215","64529.45","19.45","1523","555.24","0.17","668845541","268813622","229764829"
"2023-01-12","USA","97230","60733.24","18.3","756","564.02","0.17","669042935","268841738","229784353"
"2023-01-13","USA","30727","61273.53","18.47","275","565.55","0.17","669264387","268872321","229806115"
"2023-01-14","USA","3904","61158.03","18.43","26","566.9","0.17","669367918","268887490","229815762"
"2023-01-15","USA","3735","61000.82","18.38","1","563.88","0.17","669415509","268895977","229820112"
"2023-01-16","USA","8408","59259.68","17.86","11","562.16","0.17","669528573","268912740","229831088"
"2023-01-17","USA","58642","58478.08","17.62","737","536.74","0.16","669679540","268936075","229847304"
"2023-01-18","USA","145161","54104.77","16.31","1482","482.37","0.15","669826716","268959325","229862779"
"2023-01-19","USA","67929","50928.23","15.35","814","498.38","0.15","669967935","268982388","229877834"
"2023-01-20","USA","82833","47343.1","14.27","920","498.47","0.15","670125256","269007301","229894257"
"2023-01-21","USA","2473","47328.24","14.26","7","498.19","0.15","670190219","269018905","229900878"
"2023-01-22","USA","4953","47289.96","14.25","9","488.79","0.15","670221095","269025413","229903884"
"2023-01-23","USA","32412","46417.66","13.99","270","486.78","0.15","670340666","269045608","229916494"
"2023-01-24","USA","31773","45656.47","13.76","701","542.32","0.16","670463588","269065629","229930212"
"2023-01-25","USA","113283","46920","14.14","1243","547.72","0.17","670578583","269085696","229943308"
"2023-01-26","USA","78852","46306.32","13.96","804","548.35","0.17","670699113","269106298","229956965"
"2023-01-27","USA","14171","46204.35","13.92","179","520.95","0.16","670830072","269127477","229972005"
"2023-01-28","USA","2200","46096.48","13.89","7","520.95","0.16","670882585","269137188","229977886"
"2023-01-29","USA","4424","46020.91","13.87","4","520.67","0.16","670909681","269143355","229980890"
"2023-01-30","USA","30449","45791.33","13.8","185","506.28","0.15","671010721","269161666","229992299"
"2023-01-31","USA","31067","45235.52","13.63","588","490.18","0.15","671113219","269179403","230004242"
"2023-02-01","USA","109666","41770.73","12.59","973","452.62","0.14","671212866","269196837","230015989"
"2023-02-02","USA","67603","41411.53","12.48","692","462.1","0.14","671312243","269214379","230028011"
"2023-02-03","USA","64375","40685.46","12.26","1162","458.59","0.14","671423970","269233663","230041772"
"2023-02-04","USA","2896","40679.52","12.26","9","458.27","0.14","671470458","269242863","230047401"
"2023-02-05","USA","2718","40473.39","12.2","0","458.27","0.14","671495506","269248683","230050328"
"2023-02-06","USA","24780","39329.73","11.85","201","454.05","0.14","671589596","269266595","230061414"
"2023-02-07","USA","31892","39459.92","11.89","677","462.69","0.14","671684807","269283885","230072890"
"2023-02-08","USA","112192","39977.77","12.05","1002","460.3","0.14","671778135","269300619","230084276"
"2023-02-09","USA","68999","39918.29","12.03","788","460.62","0.14","671869542","269316910","230095727"
"2023-02-10","USA","14142","39711.57","11.97","162","449.15","0.14","671969526","269334056","230108315"
"2023-02-11","USA","1902","39669.72","11.96","11","449.38","0.14","672011939","269342387","230113334"
"2023-02-12","USA","3127","39549.08","11.92","13","441.56","0.13","672030694","269346716","230115461"
"2023-02-13","USA","24468","38925.58","11.73","213","451.63","0.14","672110032","269361531","230124894"
"2023-02-14","USA","27526","39209.37","11.82","390","427.52","0.13","672184132","269375429","230134193"
"2023-02-15","USA","102914","37840.26","11.4","903","426.74","0.13","672267033","269390813","230144802"
"2023-02-16","USA","70512","37774.69","11.38","647","398.3","0.12","672346061","269405668","230154575"
"2023-02-17","USA","46091","37160.05","11.2","728","383.5","0.12","672434501","269421355","230165457"
"2023-02-18","USA","4071","37428.79","11.28","8","381.04","0.11","672468591","269428388","230169385"
"2023-02-19","USA","2807","36499.78","11","8","380.79","0.11","672486324","269432480","230171334"
"2023-02-20","USA","8447","35465.98","10.69","55","378.36","0.11","672548661","269444000","230178741"
"2023-02-21","USA","29117","35918.63","10.83","308","365.17","0.11","672624669","269458620","230188509"
"2023-02-22","USA","127499","35670.77","10.75","854","341.1","0.1","672696611","269472215","230197738"
"2023-02-23","USA","64478","34679.48","10.45","520","330.3","0.1","672767310","269486032","230206765"
"2023-02-24","USA","11171","34517.57","10.4","82","327.65","0.1","672846343","269500596","230217119"
"2023-02-25","USA","1527","34127.59","10.29","13","328.08","0.1","672878203","269507336","230220972"
"2023-02-26","USA","2318","34036.02","10.26","1","327.44","0.1","672894784","269511249","230222906"
"2023-02-27","USA","18147","34076.79","10.27","28","319.38","0.1","672966752","269525592","230232062"
"2023-02-28","USA","28351","34451.58","10.38","1823","444.95","0.13","673038761","269539415","230241646"
"2023-03-01","USA","89261","32430.01","9.77","818","510.19","0.15","673110198","269553579","230251267"
"2023-03-02","USA","62111","32332.99","9.74","632","540.81","0.16","673180440","269567640","230260424"
"2023-03-03","USA","69509","33997.63","10.25","702","539.66","0.16","673258607","269582647","230271123"
"2023-03-04","USA","1671","33996.63","10.25","10","537.5","0.16","673290317","269589314","230275005"
"2023-03-05","USA","1567","33949.33","10.23","0","537.5","0.16","673306999","269593370","230277012"
"2023-03-06","USA","14774","33125.66","9.98","96","521.56","0.16","673373725","269606991","230285602"
"2023-03-07","USA","23808","32398.94","9.76","322","387.55","0.12","673441497","269620435","230294436"
"2023-03-08","USA","63372","30461.98","9.18","619","323.5","0.1","673507961","269633723","230303450"
"2023-03-09","USA","55547","29558.21","8.91","1441","401.26","0.12","673573609","269646743","230312231"
"2023-03-10","USA","10161","29497.88","8.89","51","393.19","0.12","673645633","269660987","230322165"
"2023-03-11","USA","1489","29472.02","8.88","6","393.05","0.12","673675506","269667931","230325739"
"2023-03-12","USA","1005","29456.74","8.88","-1","393.05","0.12","673691159","269672126","230327518"
"2023-03-13","USA","13115","28712.7","8.65","103","380.51","0.11","673752611","269684878","230335252"
"2023-03-14","USA","20174","28312.88","8.53","239","386.95","0.12","673812827","269697452","230343260"
"2023-03-15","USA","137629","27441.55","8.27","712","413.6","0.12","673876699","269710822","230351559"
"2023-03-16","USA","54460","26496.42","7.99","439","353.42","0.11","673938204","269723484","230359757"
"2023-03-17","USA","18756","23068.36","6.95","363","333.49","0.1","674004866","269737251","230368503"
"2023-03-18","USA","1175","23049.36","6.95","2","333.64","0.1","674031936","269743760","230371710"
"2023-03-19","USA","1424","22338.34","6.73","0","333.64","0.1","674046252","269747896","230373359"
"2023-03-20","USA","9787","22590.73","6.81","138","289.82","0.09","674106474","269761341","230381231"
"2023-03-21","USA","18373","22390.54","6.75","213","282.61","0.09","674166233","269774130","230389415"
"2023-03-22","USA","51812","20771.15","6.26","736","257.28","0.08","674225438","269786894","230397442"
"2023-03-23","USA","45146","19507.81","5.88","430","255.3","0.08","674283757","269799107","230405361"
