day,total_vaccinations,people_vaccinated,people_fully_vaccinated
12/13/20,45620,36817,9669
12/14/20,50468,41465,9833
12/15/20,98353,87883,10161
12/16/20,258504,243398,10679
12/17/20,533742,511644,11505
12/18/20,954790,923222,12831
12/19/20,1139003,1103020,13990
12/20/20,1246202,1207930,14813
12/21/20,1633303,1587344,16487
12/22/20,2084575,2029284,19503
12/23/20,2662880,2595428,22769
12/24/20,2860781,2788297,24017
12/25/20,2873624,2800935,24155
12/26/20,3017158,2940849,25225
12/27/20,3114027,3034790,26034
12/28/20,3711556,3617005,30521
12/29/20,4440692,4326189,36033
12/30/20,5289609,5154420,43704
12/31/20,5716312,5570284,47241
1/1/21,5854174,5694637,56597
1/2/21,6123124,5954167,59709
1/3/21,6264523,6087979,62303
1/4/21,6930229,6693548,107970
1/5/21,7771008,7431907,196522
1/6/21,8801611,8268139,371487
1/7/21,9979326,9138645,655638
1/8/21,11224067,9989310,1023633
1/9/21,11736696,10361380,1153675
1/10/21,11989784,10538948,1223570
1/11/21,13068929,11265251,1550632
1/12/21,14334853,12187080,1868119
1/13/21,15669707,13222990,2141448
1/14/21,16995452,14385052,2279153
1/15/21,18264041,15508950,2401789
1/16/21,18915824,16076975,2474991
1/17/21,19218336,16333247,2517266
1/18/21,20110141,16978110,2746764
1/19/21,21463944,17946827,3107581
1/20/21,23079181,19108490,3532501
1/21/21,24726816,20447780,3811415
1/22/21,26373687,21853861,4024485
1/23/21,27287063,22598456,4177806
1/24/21,27690932,22905931,4267342
1/25/21,29075771,23771374,4761605
1/26/21,30746637,24826877,5347952
1/27/21,32684763,26077399,6000698
1/28/21,34655252,27448006,6563770
1/29/21,36580372,28824725,7063931
1/30/21,37602504,29581867,7309441
1/31/21,38066296,29904700,7439022
2/1/21,39485009,30689278,8025696
2/2/21,41197818,31658111,8731841
2/3/21,43351693,32922119,9573333
2/4/21,45708674,34310101,10493690
2/5/21,48076553,35667252,11461790
2/6/21,49383802,36521023,11886941
2/7/21,49827294,36796219,12045089
2/8/21,51414409,37635054,12755772
2/9/21,53396358,38671322,13659168
2/10/21,55714633,39902399,14704438
2/11/21,58136047,41179619,15805159
2/12/21,60741211,42566921,16971653
2/13/21,62219717,43439991,17545883
2/14/21,62811106,43783854,17777513
2/15/21,64010045,44401512,18323001
2/16/21,65636435,45198913,19115477
2/17/21,67610948,46135232,20111570
2/18/21,69474219,46968799,21092098
2/19/21,71445759,47788087,22195115
2/20/21,72757200,48384342,22880324
2/21/21,73358924,48639402,23207465
2/22/21,74828958,49254909,24016800
2/23/21,76775442,50119355,25051385
2/24/21,79311352,51363520,26294065
2/25/21,82257772,52899249,27645539
2/26/21,85379828,54568528,29040426
2/27/21,87376038,55705443,29864103
2/28/21,88232689,56236747,30163870
3/1/21,90330534,57457783,30976924
3/2/21,92805077,58922002,31947383
3/3/21,95721666,60664565,33083812
3/4/21,98931744,62620210,34337816
3/5/21,102173757,64626215,35659038
3/6/21,104242436,65977094,36532157
3/7/21,105176040,66654619,36884011
3/8/21,107350219,68136544,37748021
3/9/21,110074225,69949085,38844767
3/10/21,113219962,72021699,40128395
3/11/21,116688784,74317090,41541840
3/12/21,120141884,76452204,43084511
3/13/21,122343966,77839621,44116183
3/14/21,123329855,78486481,44548562
3/15/21,125612278,79982982,45428572
3/16/21,128506033,81916720,46492000
3/17/21,131682691,84047509,47637696
3/18/21,135084905,86339652,48855798
3/19/21,138405274,88544162,50088903
3/20/21,140570830,89962203,50955635
3/21/21,141598741,90645717,51336336
3/22/21,143955592,92245549,52151397
3/23/21,147015330,94223506,53312733
3/24/21,150569265,96427827,54747062
3/25/21,154393853,98683388,56407425
3/26/21,158206894,100771604,58221293
3/27/21,160682919,102142533,59391813
3/28/21,161894806,102813395,59944968
3/29/21,164728895,104418326,61229018
3/30/21,168321927,106428542,62900117
3/31/21,172494725,108836606,64852669
4/1/21,177076502,111366707,67123179
4/2/21,180723033,113410787,68954015
4/3/21,183030847,114735732,70118739
4/4/21,183796134,115173732,70491683
4/5/21,186899414,116907607,72099738
4/6/21,190874444,119190986,74190247
4/7/21,195235067,121749584,76507143
4/8/21,199738657,124309301,79041912
4/9/21,204055134,126741072,81496071
4/10/21,206950142,128465664,83163225
4/11/21,208353016,129298792,83968805
4/12/21,211379731,130941481,85698935
4/13/21,214865134,132687710,87421998
4/14/21,218574244,134425980,89353466
4/15/21,222334927,136188957,91307354
4/16/21,225950584,137840787,93232139
4/17/21,228320920,139003409,94417981
4/18/21,229457616,139542431,95002531
4/19/21,232049874,140634414,96470704
4/20/21,235289528,142000331,98309408
4/21/21,238781654,143392407,100367926
4/22/21,242291910,144807065,102425820
4/23/21,245604243,146175661,104335708
4/24/21,247820516,147178664,105531936
4/25/21,248816796,147668988,106030337
4/26/21,251217978,148611252,107469048
4/27/21,254122446,149725077,109263630
4/28/21,257220868,150875472,111234752
4/29/21,260284037,151999126,113220949
4/30/21,263209607,153123692,115074274
5/1/21,265082725,153838605,116251632
5/2/21,265965311,154165237,116839223
5/3/21,267938366,154809400,118243372
5/4/21,270449723,155630438,120005585
5/5/21,273013863,156451090,121821713
5/6/21,275549433,157234158,123648270
5/7/21,278072481,158034336,125444391
5/8/21,279615963,158540883,126539674
5/9/21,280233338,158745361,126979633
5/10/21,281845756,159229735,128159666
5/11/21,283903317,159888862,129618664
5/12/21,285930430,160535042,131065693
5/13/21,288220296,161465741,132482306
5/14/21,290685802,162562974,133928070
5/15/21,292543580,163474883,134926393
5/16/21,293481568,163954568,135415319
5/17/21,295313838,164844565,136432625
5/18/21,297397450,165840096,137604156
5/19/21,299495675,166830923,138790490
5/20/21,301525193,167754807,139975587
5/21/21,303597826,168690189,141191057
5/22/21,305053382,169421660,141967984
5/23/21,305713996,169761157,142316361
5/24/21,307042685,170398835,143073807
5/25/21,308489320,171069780,143919341
5/26/21,309934797,171734539,144764763
5/27/21,311292638,172352403,145570383
5/28/21,312634870,172962731,146363892
5/29/21,313406009,173347140,146787772
5/30/21,313793224,173548922,146993999
5/31/21,313997712,173638666,147117126
6/1/21,315286109,174171253,147911971
6/2/21,316412601,174667929,148600173
6/3/21,317669791,175132902,149447706
6/4/21,319086318,175635124,150419130
6/5/21,320166407,175990760,151178104
6/6/21,320687243,176162803,151544876
6/7/21,321768537,176537052,152293833
6/8/21,322951685,176941527,153119134
6/9/21,324126137,177334244,153947620
6/10/21,325303229,177739683,154769267
6/11/21,326544221,178168641,155631661
6/12/21,327443326,178450294,156279042
6/13/21,327839088,178563805,156577925
6/14/21,328759101,178896548,157203653
6/15/21,329744485,179257897,157870547
6/16/21,330695630,179616231,158507464
6/17/21,331595411,179967748,159103536
6/18/21,332523845,180336534,159706319
6/19/21,333101435,180567840,160077969
6/20/21,333379912,180680215,160255045
6/21/21,333945577,180982647,160551577
6/22/21,334705734,181306712,161024262
6/23/21,335446508,181637579,161470302
6/24/21,336150148,181956089,161891776
6/25/21,336921541,182306817,162348742
6/26/21,337423329,182532541,162645955
6/27/21,337692191,182659719,162797623
6/28/21,338249878,182935697,163105683
6/29/21,338880595,183233290,163466073
6/30/21,339517243,183541437,163820348
7/1/21,340134935,183837138,164159915
7/2/21,340758805,184143764,164504455
7/3/21,341117662,184325874,164694291
7/4/21,341168658,184353899,164721942
7/5/21,341567690,184555831,164931970
7/6/21,342154834,184829857,165272246
7/7/21,342728862,185112829,165594179
7/8/21,343296740,185401571,165907061
7/9/21,343931531,185723939,166253794
7/10/21,344333935,185935691,166461897
7/11/21,344551459,186052633,166570606
7/12/21,345074839,186328150,166846254
7/13/21,345604611,186609815,167119174
7/14/21,346139725,186894730,167393631
7/15/21,346684121,187193532,167664223
7/16/21,347309592,187540278,167969133
7/17/21,347710722,187764228,168159247
7/18/21,347945224,187899544,168265353
7/19/21,348514545,188238908,168518995
7/20/21,349119207,188609484,168777989
7/21/21,349752329,188996202,169047980
7/22/21,350406377,189414334,169309341
7/23/21,351154305,189900995,169598439
7/24/21,351617554,190202135,169773393
7/25/21,351877915,190404278,169837362
7/26/21,352524039,190851832,170060267
7/27/21,353228600,191333172,170313715
7/28/21,353952553,191825383,170574770
7/29/21,354676925,192324298,170829845
7/30/21,355518404,192902517,171125189
7/31/21,356038132,193250303,171307489
8/1/21,356377861,193481569,171409424
8/2/21,357103617,193990270,171649401
8/3/21,357871567,194530994,171905088
8/4/21,358655216,195086109,172162718
8/5/21,359454531,195649555,172429431
8/6/21,360370503,196279987,172743457
8/7/21,360934260,196665066,172934988
8/8/21,361288186,196904648,173053736
8/9/21,362077715,197428551,173342789
8/10/21,362884577,197962296,173640502
8/11/21,363660453,198464661,173938567
8/12/21,364471389,198982786,174255060
8/13/21,365426585,199567586,174646680
8/14/21,366056949,199932043,174891128
8/15/21,366460189,200144925,175053978
8/16/21,367337157,200611812,175410225
8/17/21,368268534,201104856,175776168
8/18/21,369229359,201594173,176157585
8/19/21,370182079,202076701,176541112
8/20/21,371298518,202617121,177022713
8/21/21,371971796,202940961,177323091
8/22/21,372365945,203127143,177504482
8/23/21,373291909,203569005,177912804
8/24/21,374248369,204031035,178330749
8/25/21,375221664,204500481,178756610
8/26/21,376218132,204976451,179192600
8/27/21,377396086,205509915,179736592
8/28/21,378113144,205829068,180081187
8/29/21,378546537,206022846,180288967
8/30/21,379485003,206442182,180727413
8/31/21,380429513,206865219,181157998
9/1/21,381382994,207292449,181571499
9/2/21,382283529,207694911,181975901
9/3/21,383328951,208148594,182468338
9/4/21,383891281,208394348,182747117
9/5/21,384258974,208562153,182921411
9/6/21,384437087,208643647,183008689
9/7/21,385353978,208998698,183493518
9/8/21,386206174,209365235,183900013
9/9/21,387061507,209738332,184302325
9/10/21,388104721,210189605,184807143
9/11/21,388709179,210449808,185111791
9/12/21,389063721,210607970,185287936
9/13/21,389850754,210946424,185674894
9/14/21,390607594,211264249,186056489
9/15/21,391378996,211579753,186449543
9/16/21,392146951,211893181,186845153
9/17/21,393055398,212246231,187329087
9/18/21,393580013,212451983,187606732
9/19/21,393890824,212572910,187775224
9/20/21,394595089,212843199,188135176
9/21/21,395278874,213104749,188483482
9/22/21,395949782,213360473,188822202
9/23/21,396631061,213618091,189153317
9/24/21,397621884,213939876,189568675
9/25/21,398297437,214140285,189799222
9/26/21,398708697,214259208,189946325
9/27/21,399742996,214554243,190170548
9/28/21,400882294,214841139,190476943
9/29/21,402030070,215127006,190790886
9/30/21,403204153,215414801,191115499
10/1/21,404555441,215730864,191501793
10/2/21,405189746,215903172,191711388
10/3/21,405558325,216007702,191843635
10/4/21,406550550,216252645,192103509
10/5/21,407575421,216494851,192363395
10/6/21,408616886,216741507,192625763
10/7/21,409659044,216993505,192888722
10/8/21,410828133,217277508,193206448
10/9/21,411367007,217423216,193376260
10/10/21,411684148,217514823,193482792
10/11/21,412543407,217736878,193706298
10/12/21,413480122,217963799,193943803
10/13/21,414397568,218189574,194176434
10/14/21,415317935,218413844,194408838
10/15/21,416383197,218673702,194691043
10/16/21,416878985,218813029,194838483
10/17/21,417150471,218895529,194924200
10/18/21,417989866,219116136,195138416
10/19/21,418821317,219316438,195333893
10/20/21,419668070,219517546,195531314
10/21/21,420538139,219722408,195731577
10/22/21,421928294,220009783,195979799
10/23/21,422761685,220181535,196113930
10/24/21,423237304,220286860,196194757
10/25/21,424775476,220582456,196399797
10/26/21,426352164,220873196,196602665
10/27/21,427987962,221172665,196811325
10/28/21,429611718,221461690,197022592
10/29/21,431416044,221780428,197263230
10/30/21,432241418,221942926,197382909
10/31/21,432682634,222040977,197453679
11/1/21,434188925,222321422,197651775
11/2/21,435706739,222598916,197841159
11/3/21,437292792,222905601,198035339
11/4/21,438952515,223251430,198232223
11/5/21,440891789,223701896,198464240
11/6/21,441943005,224094052,198585019
11/7/21,442506916,224322708,198657527
11/8/21,443990754,224791913,198832488
11/9/21,445649609,225311351,198999515
11/10/21,447446421,225884692,199171275
11/11/21,449064472,226431418,199324778
11/12/21,451077281,227068199,199524689
11/13/21,452265771,227604657,199628320
11/14/21,452850774,227844476,199689487
11/15/21,454422505,228300291,199858253
11/16/21,456125159,228784016,200026559
11/17/21,457907050,229286851,200200021
11/18/21,459716905,229789168,200372514
11/19/21,461818190,230368064,200569168
11/20/21,463065911,230826014,200671170
11/21/21,463719983,231031022,200732420
11/22/21,465557452,231514566,200905596
11/23/21,467367157,231999057,201071884
11/24/21,468770932,232396688,201228032
11/25/21,468800525,232405512,201233640
11/26/21,470022050,232712999,201413060
11/27/21,470925809,232927824,201616260
11/28/21,471524229,233066603,201767312
11/29/21,473209140,233412474,202135185
11/30/21,475161508,233810596,202533633
12/1/21,477370837,234264679,202953700
12/2/21,479568318,234705085,203354229
12/3/21,482047790,235184112,203854914
12/4/21,483549682,235479259,204317809
12/5/21,484289046,235641697,204510766
12/6/21,486144144,236023505,204841482
12/7/21,488077793,236419094,205188659
12/8/21,490027226,236818857,205546716
12/9/21,491975536,237214719,205891338
12/10/21,494116999,237632372,206296674
12/11/21,495387747,237894122,206639239
12/12/21,496026495,238043102,206770864
12/13/21,497661346,238382814,207054085
12/14/21,499402632,238743574,207346014
12/15/21,501144913,239115179,207611589
12/16/21,502854525,239498074,207783888
12/17/21,504815550,239923772,208040317
12/18/21,505947076,240206182,208205032
12/19/21,506593781,240372099,208287813
12/20/21,508454369,240806068,208517246
12/21/21,510447413,241264293,208762583
12/22/21,512331805,241704145,209004347
12/23/21,513808865,242066720,209184233
12/24/21,514192705,242167663,209241747
12/25/21,514199722,242169779,209242800
12/26/21,514683134,242298905,209327540
12/27/21,516223913,242687292,209560799
12/28/21,517933952,243116377,209806691
12/29/21,519626497,243545897,210047377
12/30/21,521176784,243944661,210265156
12/31/21,521797692,244104717,210360591
1/1/22,521918004,244139023,210378438
1/2/22,522418645,244273172,210470142
1/3/22,523671276,244609148,210670531
1/4/22,525094724,244974854,210887459
1/5/22,526556546,245348202,211103637
1/6/22,528030730,245715353,211319761
1/7/22,529692905,246110061,211569940
1/8/22,530748218,246380743,211747838
1/9/22,531249385,246520085,211824316
1/10/22,532518009,246845760,212017928
1/11/22,533834532,247179156,212222112
1/12/22,535157096,247514197,212426178
1/13/22,536459113,247846001,212618022
1/14/22,537939916,248219780,212795330
1/15/22,538735091,248442969,212883686
1/16/22,539128831,248547760,212942215
1/17/22,539959879,248759841,213084146
1/18/22,540967964,249010753,213275588
1/19/22,541956732,249257365,213465176
1/20/22,542902164,249493941,213644663
1/21/22,543995187,249767751,213809264
1/22/22,544621478,249938020,213893730
1/23/22,544955362,250027965,213958687
1/24/22,545759030,250229011,214121181
1/25/22,546569635,250430463,214299017
1/26/22,547369589,250628724,214480777
1/27/22,548167302,250824465,214658744
1/28/22,549131881,251052040,214872532
1/29/22,549605781,251171015,214986516
1/30/22,549872736,251242366,215054605
1/31/22,550509505,251400429,215215443
2/1/22,551133326,251548803,215378039
2/2/22,551712410,251692611,215534897
2/3/22,552239065,251821044,215677039
2/4/22,552902416,251972926,215864005
2/5/22,553345385,252081096,215999147
2/6/22,553560912,252139748,216061149
2/7/22,554050086,252267820,216195450
2/8/22,554557634,252393784,216343106
2/9/22,555075095,252523947,216490671
2/10/22,555590555,252652400,216632798
2/11/22,556220255,252803115,216809341
2/12/22,556569334,252892515,216913220
2/13/22,556723665,252934964,216960327
2/14/22,557069849,253023791,217059612
2/15/22,557476940,253124550,217176757
2/16/22,557896546,253227756,217295521
2/17/22,558309529,253327169,217407138
2/18/22,558841815,253451072,217551980
2/19/22,559126887,253525221,217631297
2/20/22,559282790,253567361,217673905
2/21/22,559603106,253646868,217762852
2/22/22,559960737,253737491,217863099
2/23/22,560308460,253824796,217957491
2/24/22,560642108,253907580,218044267
2/25/22,561041040,254003277,218151036
2/26/22,561286587,254068181,218216309
2/27/22,561411021,254102085,218248519
2/28/22,561731241,254178133,218330536
3/1/22,562016477,254246658,218405016
3/2/22,562278498,254313106,218477293
3/3/22,562536557,254377907,218547345
3/4/22,562860566,254457195,218636995
3/5/22,563044675,254506584,218689507
3/6/22,563134718,254532794,218714464
3/7/22,563349201,254589647,218770180
3/8/22,563566957,254644752,218829339
3/9/22,563783622,254700702,218889284
3/10/22,564000370,254755409,218949557
3/11/22,564263628,254819594,219024245
3/12/22,564407241,254858813,219065832
3/13/22,564482230,254880482,219086931
3/14/22,564680597,254932186,219138987
3/15/22,564888705,254985011,219192348
3/16/22,565100185,255039568,219245562
3/17/22,565301461,255090393,219294552
3/18/22,565558018,255153301,219357035
3/19/22,565704746,255192370,219394313
3/20/22,565781754,255215101,219412342
3/21/22,565973887,255267138,219457842
3/22/22,566159708,255315419,219502329
3/23/22,566355586,255368147,219549440
3/24/22,566547055,255421101,219593190
3/25/22,566782151,255483048,219649084
3/26/22,566907330,255517169,219679700
3/27/22,566972545,255535508,219694844
3/28/22,567147602,255585829,219733681
3/29/22,567347383,255632458,219774147
3/30/22,567752614,255692531,219832419
3/31/22,568312182,255767644,219898973
4/1/22,568979449,255846364,219979788
4/2/22,569327368,255891389,220024279
4/3/22,569538505,255919851,220050252
4/4/22,570102675,255989185,220112537
4/5/22,570662195,256052109,220174374
4/6/22,571244170,256116661,220239170
4/7/22,571832114,256180941,220302630
4/8/22,572511686,256253160,220378144
4/9/22,572852561,256296531,220420610
4/10/22,573050619,256323660,220445290
4/11/22,573635515,256386936,220507373
4/12/22,574255670,256451548,220571063
4/13/22,574843355,256516847,220633468
4/14/22,575437749,256582962,220696026
4/15/22,576010808,256649738,220760751
4/16/22,576272817,256686335,220793902
4/17/22,576333501,256698250,220802371
4/18/22,576853355,256757667,220859648
4/19/22,577401120,256819096,220917194
4/20/22,577942563,256879431,220975066
4/21/22,578452888,256937564,221030802
4/22/22,578954304,256994245,221087427
4/23/22,579217040,257030723,221120740
4/24/22,579352566,257051474,221138859
4/25/22,579784139,257101470,221187865
4/26/22,580244877,257153544,221237724
4/27/22,580724865,257207671,221289711
4/28/22,581208935,257262411,221343004
4/29/22,581725064,257320642,221402193
4/30/22,581969320,257354554,221433810
5/1/22,582105667,257375268,221451411
5/2/22,582501777,257422943,221496285
5/3/22,582926063,257472798,221543453
5/4/22,583347637,257522985,221590575
5/5/22,583762706,257571868,221638082
5/6/22,584220928,257625944,221692032
5/7/22,584429134,257655818,221719639
5/8/22,584521044,257671645,221731449
5/9/22,584914317,257718709,221776205
5/10/22,585340252,257769523,221822641
5/11/22,585767899,257820181,221869849
5/12/22,586205590,257870755,221917729
5/13/22,586682307,257927681,221970107
5/14/22,586923096,257960735,221999955
5/15/22,587055539,257980848,222017005
5/16/22,587445897,258030423,222060742
5/17/22,587859971,258082422,222105728
5/18/22,588284128,258135277,222152686
5/19/22,588728821,258188524,222200634
5/20/22,589245260,258248609,222255329
5/21/22,589517170,258283022,222286660
5/22/22,589672496,258304471,222305332
5/23/22,590113345,258357784,222352583
5/24/22,590545030,258409714,222397784
5/25/22,590964490,258461238,222443369
5/26/22,591370905,258511096,222486688
5/27/22,591821297,258566207,222536148
5/28/22,592023979,258593533,222559888
5/29/22,592137372,258610853,222573516
5/30/22,592169657,258616712,222577733
5/31/22,592549109,258666941,222623670
6/1/22,592925569,258716058,222665361
6/2/22,593289019,258762735,222704973
6/3/22,593693735,258814429,222749716
6/4/22,593887053,258841367,222772606
6/5/22,593994792,258858400,222785994
6/6/22,594316453,258903578,222823817
6/7/22,594637210,258947751,222860040
6/8/22,594961848,258992634,222897247
6/9/22,595276977,259036275,222932472
6/10/22,595626439,259083631,222973124
6/11/22,595789983,259108833,222994210
6/12/22,595877362,259124284,223006519
6/13/22,596148394,259164664,223040200
6/14/22,596428503,259206676,223073618
6/15/22,596713598,259247821,223108200
6/16/22,596996739,259289013,223141823
6/17/22,597297646,259332537,223178278
6/18/22,597429806,259355159,223196205
6/19/22,597492627,259366956,223205380
6/20/22,597728913,259403925,223231632
6/21/22,597999848,259455361,223263825
6/22/22,598287185,259519097,223297476
6/23/22,598574623,259588973,223329085
6/24/22,598885852,259667837,223364011
6/25/22,599049651,259729709,223380793
6/26/22,599129200,259754754,223390755
6/27/22,599383974,259822014,223419735
6/28/22,599652426,259893532,223449808
6/29/22,599926759,259968428,223480687
6/30/22,600209859,260045532,223512235
7/1/22,600491056,260119122,223543608
7/2/22,600605915,260150401,223557611
7/3/22,600665121,260165261,223565753
7/4/22,600678310,260169229,223567667
7/5/22,600931387,260234289,223600512
7/6/22,601198869,260303367,223631671
7/7/22,601473370,260372741,223662726
7/8/22,601781861,260446860,223697393
7/9/22,601929618,260486532,223714464
7/10/22,602008303,260507798,223724043
7/11/22,602279526,260567830,223754798
7/12/22,602582714,260635837,223787367
7/13/22,602930737,260706207,223823672
7/14/22,603299076,260779070,223859813
7/15/22,603716134,260858543,223901426
7/16/22,603930168,260899928,223922784
7/17/22,604046436,260921546,223935533
7/18/22,604408072,260989080,223973212
7/19/22,604769565,261060219,224013306
7/20/22,605115695,261129447,224054355
7/21/22,605481860,261199454,224098017
7/22/22,605897195,261274291,224149217
7/23/22,606099785,261313331,224180181
7/24/22,606199644,261332967,224194593
7/25/22,606511647,261394931,224231922
7/26/22,606834201,261459743,224274522
7/27/22,607144582,261522604,224316926
7/28/22,607453044,261585000,224360867
7/29/22,607777244,261650102,224407811
7/30/22,607918011,261681409,224429170
7/31/22,607987438,261697671,224439379
8/1/22,608231492,261752264,224470587
8/2/22,608490580,261810070,224507609
8/3/22,608744254,261867667,224544089
8/4/22,608993926,261924407,224579700
8/5/22,609261617,261984042,224620013
8/6/22,609386096,262013263,224642472
8/7/22,609450014,262028289,224655055
8/8/22,609670908,262079090,224687764
8/9/22,609899676,262131586,224722493
8/10/22,610114731,262182022,224755137
8/11/22,610332958,262234060,224788687
8/12/22,610572962,262289468,224827090
8/13/22,610680157,262316042,224846383
8/14/22,610733034,262329900,224855433
8/15/22,610930659,262376368,224886275
8/16/22,611135493,262425050,224918360
8/17/22,611337776,262473122,224950072
8/18/22,611532626,262520569,224981212
8/19/22,611745904,262571910,225017788
8/20/22,611833778,262594322,225033827
8/21/22,611877494,262606068,225041495
8/22/22,612044423,262647620,225068705
8/23/22,612220949,262691350,225098117
8/24/22,612395636,262734781,225127585
8/25/22,612566835,262778560,225156904
8/26/22,612747240,262823807,225189492
8/27/22,612825521,262844438,225204939
8/28/22,612863903,262854932,225212203
8/29/22,613005369,262890496,225237051
8/30/22,613153914,262929317,225262803
8/31/22,613288488,262965429,225287976
9/1/22,613387308,262996533,225309064
9/2/22,613477812,263027441,225332641
9/3/22,613534191,263040682,225343352
9/4/22,613577190,263049702,225349696
9/5/22,613590568,263053584,225351785
9/6/22,613768601,263090028,225381078
9/7/22,614169956,263143814,225422965
9/8/22,614602333,263199414,225466224
9/9/22,615168648,263266289,225521944
9/10/22,615488045,263301753,225555658
9/11/22,615691059,263324442,225574327
9/12/22,616243845,263384394,225622830
9/13/22,616779522,263442745,225670209
9/14/22,617356244,263503854,225720892
9/15/22,617940516,263566364,225772692
9/16/22,618646280,263639809,225836161
9/17/22,618986490,263676258,225866963
9/18/22,619181453,263698609,225883830
9/19/22,619799773,263761797,225934683
9/20/22,620430242,263824792,225987030
9/21/22,621118372,263892277,226043664
9/22/22,621800988,263959404,226100107
9/23/22,622616170,264038831,226167891
9/24/22,622997168,264077206,226201334
9/25/22,623214027,264100436,226218677
9/26/22,623929765,264168072,226271810
9/27/22,624640495,264234462,226325990
9/28/22,625374865,264303444,226383400
9/29/22,626094074,264370784,226440674
9/30/22,626922109,264446649,226506045
10/1/22,627301508,264482172,226535283
10/2/22,627510797,264503867,226551881
10/3/22,628231741,264569896,226604595
10/4/22,628959450,264635578,226658744
10/5/22,629757129,264707575,226717012
10/6/22,630535128,264778314,226774160
10/7/22,631412942,264857570,226840259
10/8/22,631823057,264895795,226870720
10/9/22,632045454,264919112,226887995
10/10/22,632787018,264984408,226942051
10/11/22,633550560,265051698,226997123
10/12/22,634374623,265126257,227056867
10/13/22,635159624,265198009,227113758
10/14/22,636051522,265278783,227179340
10/15/22,636439029,265315658,227208166
10/16/22,636652216,265338561,227224763
10/17/22,637416156,265410205,227279902
10/18/22,638178731,265479963,227334379
10/19/22,638977419,265554644,227392374
10/20/22,639747912,265626542,227448454
10/21/22,640605372,265705745,227511293
10/22/22,640990400,265742050,227539486
10/23/22,641199944,265764364,227555255
10/24/22,641947260,265833375,227609011
10/25/22,642715816,265903405,227663817
10/26/22,643560650,265980325,227723399
10/27/22,644349693,266052066,227779087
10/28/22,645210369,266129275,227841296
10/29/22,645582174,266163628,227867880
10/30/22,645776076,266183346,227882024
10/31/22,646384492,266240868,227924209
11/1/22,647024640,266301977,227970319
11/2/22,647681343,266367152,228018886
11/3/22,648323080,266432266,228067168
11/4/22,649079809,266508129,228124499
11/5/22,649423049,266542665,228150055
11/6/22,649603308,266563145,228164045
11/7/22,650187784,266622184,228207144
11/8/22,650752536,266680626,228249403
11/9/22,651308671,266738995,228292333
11/10/22,651866732,266797565,228335212
11/11/22,652467920,266856747,228381285
11/12/22,652750515,266886514,228403147
11/13/22,652909399,266905647,228415707
11/14/22,653425942,266959533,228455489
11/15/22,653949826,267015280,228496303
11/16/22,654477790,267072214,228537885
11/17/22,654989880,267128585,228578570
11/18/22,655557955,267189739,228623683
11/19/22,655824941,267219587,228644795
11/20/22,655969930,267238218,228656952
11/21/22,656425345,267290915,228694108
11/22/22,656849167,267338310,228729861
11/23/22,657208062,267379740,228760757
11/24/22,657213970,267380860,228761347
11/25/22,657461380,267408146,228780067
11/26/22,657652917,267430472,228795539
11/27/22,657771833,267445430,228805692
11/28/22,658107322,267482280,228833228
11/29/22,658455874,267520897,228862400
11/30/22,658889454,267569384,228900198
12/1/22,659277438,267611550,228933203
12/2/22,659716279,267658800,228970260
12/3/22,659920383,267682011,228987050
12/4/22,660035121,267696637,228996839
12/5/22,660385971,267736085,229025171
12/6/22,660751583,267776124,229054639
12/7/22,661127692,267817932,229085336
12/8/22,661506931,267859587,229116622
12/9/22,661933435,267905466,229150987
12/10/22,662149278,267930161,229167970
12/11/22,662273358,267946136,229178156
12/12/22,662639997,267987306,229207302
12/13/22,663008281,268029238,229236558
12/14/22,663358039,268069667,229265386
12/15/22,663682048,268107934,229291420
12/16/22,664062673,268150158,229321922
12/17/22,664259895,268173571,229338624
12/18/22,664373850,268189266,229348598
12/19/22,664711486,268230128,229376772
12/20/22,665028939,268269451,229404291
12/21/22,665317901,268307455,229430255
12/22/22,665547079,268339405,229451004
12/23/22,665700653,268361865,229465338
12/24/22,665739625,268368558,229469510
12/25/22,665742181,268369780,229469676
12/26/22,665852398,268388421,229479820
12/27/22,666118942,268425738,229504767
12/28/22,666380587,268461940,229529051
12/29/22,666644942,268498529,229553298
12/30/22,666888577,268531382,229575525
12/31/22,666952241,268541239,229580638
1/1/23,666962231,268543519,229581410
1/2/23,667086190,268563718,229593115
1/3/23,667314723,268596097,229615949
1/4/23,667532053,268627652,229637430
1/5/23,667759856,268660215,229659798
1/6/23,668032629,268696836,229686222
1/7/23,668166932,268716049,229698859
1/8/23,668235802,268727160,229705356
1/9/23,668442071,268756449,229725012
1/10/23,668645088,268784808,229745113
1/11/23,668845541,268813622,229764829
1/12/23,669042935,268841738,229784353
1/13/23,669264387,268872321,229806115
1/14/23,669367918,268887490,229815762
1/15/23,669415509,268895977,229820112
1/16/23,669528573,268912740,229831088
1/17/23,669679540,268936075,229847304
1/18/23,669826716,268959325,229862779
1/19/23,669967935,268982388,229877834
1/20/23,670125256,269007301,229894257
1/21/23,670190219,269018905,229900878
1/22/23,670221095,269025413,229903884
1/23/23,670340666,269045608,229916494
1/24/23,670463588,269065629,229930212
1/25/23,670578583,269085696,229943308
1/26/23,670699113,269106298,229956965
1/27/23,670830072,269127477,229972005
1/28/23,670882585,269137188,229977886
1/29/23,670909681,269143355,229980890
1/30/23,671010721,269161666,229992299
1/31/23,671113219,269179403,230004242
2/1/23,671212866,269196837,230015989
2/2/23,671312243,269214379,230028011
2/3/23,671423970,269233663,230041772
2/4/23,671470458,269242863,230047401
2/5/23,671495506,269248683,230050328
2/6/23,671589596,269266595,230061414
2/7/23,671684807,269283885,230072890
2/8/23,671778135,269300619,230084276
2/9/23,671869542,269316910,230095727
2/10/23,671969526,269334056,230108315
2/11/23,672011939,269342387,230113334
2/12/23,672030694,269346716,230115461
2/13/23,672110032,269361531,230124894
2/14/23,672184132,269375429,230134193
2/15/23,672267033,269390813,230144802
2/16/23,672346061,269405668,230154575
2/17/23,672434501,269421355,230165457
2/18/23,672468591,269428388,230169385
2/19/23,672486324,269432480,230171334
2/20/23,672548661,269444000,230178741
2/21/23,672624669,269458620,230188509
2/22/23,672696611,269472215,230197738
2/23/23,672767310,269486032,230206765
2/24/23,672846343,269500596,230217119
2/25/23,672878203,269507336,230220972
2/26/23,672894784,269511249,230222906
2/27/23,672966752,269525592,230232062
2/28/23,673038761,269539415,230241646
3/1/23,673110198,269553579,230251267
3/2/23,673180440,269567640,230260424
3/3/23,673258607,269582647,230271123
3/4/23,673290317,269589314,230275005
3/5/23,673306999,269593370,230277012
3/6/23,673373725,269606991,230285602
3/7/23,673441497,269620435,230294436
3/8/23,673507961,269633723,230303450
3/9/23,673573609,269646743,230312231
3/10/23,673645633,269660987,230322165
3/11/23,673675506,269667931,230325739
3/12/23,673691159,269672126,230327518
3/13/23,673752611,269684878,230335252
3/14/23,673812827,269697452,230343260
3/15/23,673876699,269710822,230351559
3/16/23,673938204,269723484,230359757
3/17/23,674004866,269737251,230368503
3/18/23,674031936,269743760,230371710
3/19/23,674046252,269747896,230373359
3/20/23,674106474,269761341,230381231
3/21/23,674166233,269774130,230389415
3/22/23,674225438,269786894,230397442
3/23/23,674283757,269799107,230405361
3/24/23,674348833,269812529,230414190
3/25/23,674374334,269818554,230417503
3/26/23,674388697,269822476,230419125
3/27/23,674444701,269834599,230426528
3/28/23,674501459,269847198,230434403
3/29/23,674559267,269859993,230442400
3/30/23,674615703,269872223,230449910
3/31/23,674674587,269884517,230457960
4/1/23,674696382,269889832,230460669
4/2/23,674708566,269893364,230462101
4/3/23,674759102,269905022,230468663
4/4/23,674810463,269916987,230475347
4/5/23,674861309,269928839,230482215
4/6/23,674913181,269940813,230489186
4/7/23,674960747,269951686,230495947
4/8/23,674982343,269957551,230498666
4/9/23,674988543,269960431,230499516
4/10/23,675037992,269971905,230506297
4/11/23,675087206,269983344,230513294
4/12/23,675136008,269995000,230520042
4/13/23,675182462,270005591,230526413
4/14/23,675232286,270016601,230533498
4/15/23,675251980,270022311,230536089
4/16/23,675261871,270025562,230537246
4/17/23,675304457,270035747,230543313
4/18/23,675347903,270045273,230549088
4/19/23,675391336,270053552,230553737
4/20/23,675450061,270062531,230558858
4/21/23,675530053,270072942,230564775
4/22/23,675573420,270078615,230567289
4/23/23,675599153,270082185,230568579
4/24/23,675684285,270092903,230574357
4/25/23,675768513,270104284,230579974
4/26/23,675856678,270115904,230585784
4/27/23,675946505,270127046,230591673
4/28/23,676043612,270138406,230597952
4/29/23,676083527,270144259,230600329
4/30/23,676107562,270148532,230601588
5/1/23,676198192,270160441,230606981
5/2/23,676292617,270172945,230612536
5/3/23,676390150,270185018,230618038
5/4/23,676493615,270197187,230623850
5/5/23,676599339,270208997,230629861
5/6/23,676640011,270214753,230632064
5/7/23,676661397,270218749,230633139
5/8/23,676717031,270225714,230636397
5/9/23,676728782,270227181,230637348